,tweet_id,retweet_count,favorite_count,cleaned_tweet,length_before,length_after,ratio_of_length,number_of_upper_chars,has_question_marks,number_of_question_marks,has_exclamations,number_of_exclamation_marks,label
147,1241949968174387200,891,1257,"""চীন এবং কে প্রধান: তাদের উভয়কেই মহামারী হিসাবে জবাবদিহি করুন"": কীভাবে @ কে প্রধান @ ড্রট্রোসস অভিযোগ করেছেন যে কীভাবে চীনের প্রেসিডেন্ট জিজিনপিংকে কয়েক সপ্তাহ ধরে জানুয়ারিতে কোভিড ১৯ এর গোপনীয়তা গোপনে রেখে বিশ্বব্যাপী বিপর্যয় সৃষ্টি করেছিল। পড়ুন! URL টি",268,246,0.917910447761194,25,0,0,1,1,1
149,1241649820273709056,1017,2569,এখনও পর্যন্ত আমি আমার কাছে 2 পিপিএল জানি যা করোনার জন্য ইতিবাচক পরীক্ষা করেছে। দুজনই হাসপাতালে নিউমোনিয়া থেকে সুস্থ হয়ে উঠছেন। এটি কোনও খেলা বা ষড়যন্ত্র নয়। পিপিএল এর শুভকামনা ইত্যাদির দরকার নেই ... তাদের ঘরে থাকা আপনার দরকার,211,211,1.0,6,0,0,0,0,1
161,1241075579601985536,745,2665,"আমি পুনরাবৃত্তি করি ... চীন 2019 এর ডিসেম্বরে নতুন করোনার ভাইরাসের মধ্যে কে সতর্ক করেছিল ... আমাদের রাষ্ট্রপতি প্রায় 10 দিন আগে পর্যন্ত এটিকে ""প্রতারণা"" বলেছেন !!!",141,140,0.9929078014184397,19,0,0,1,3,1
162,1242001719996739584,615,1094,করোন ভাইরাস সম্পর্কে ভুল তথ্য / # ফ্যাকিনিউজকে নিয়ন্ত্রণে ভারত সরকার সমস্ত সোশ্যাল মিডিয়া প্ল্যাটফর্মগুলিতে পরামর্শ প্রদান করে। যেহেতু ইন্ডিয়াফাইটসকোর্না কর্নোয়ারিয়ের্স লিগে যোগ দেয় কোনও ফরোয়ার্ডকে নকল বলে সন্দেহ করে: আমাদের হোয়াটসঅ্যাপ: +91 87997 11259 | - pibfactcheck@gmail.com ইউআরএল,303,273,0.900990099009901,17,0,0,0,0,1
164,1241388679722979328,626,4026,কংগ্রেস জেনারেল সিকি এমএস @ প্রিয়াঙ্কগন্ধি মানুষকে আতঙ্কিত না হতে বলে; জাল খবর ছড়িয়ে দেবেন না; সতর্কতা অবলম্বন করুন এবং হাত ধোয়া ... করোনার URL,156,134,0.8589743589743589,10,0,0,0,0,1
165,1242492018275889152,697,2423,"আমি ইকো হোটেলে 14 ই মার্চ এ্যামভিএতে অংশ নিয়েছি। এমনকি পার্টি পরে। গুজব শুরু হওয়ার একদিন পর আমি নিজেকে আলাদা করে নেওয়ার সিদ্ধান্ত নিয়েছিলাম, ভোরের কাজটি প্রতিদিন আমার ঘরে বাইরে যায়। আমি 14 দিনের বিচ্ছিন্ন সময়কাল মানি। দিন 9 এখন। ভালবাসা এবং হালকা ছেলেরা। covid19out",269,261,0.9702602230483272,20,0,0,0,0,1
167,1242419733854588930,601,918,"নাইজেরিয়ান শাসক শ্রেণীর জন্য আমি কখনও আমার ঘৃণা ও ঘৃণা গোপন করি নি। আমি এখনই ভুয়া সহানুভূতি দিয়ে শুরু করব না, তাদের চেয়ে বেশি কী আসবে তার প্রাপ্য কেউ নেই। আমি আশা করি করোনার ভাইরাস পুরোপুরি কাজ করবে।",233,231,0.9914163090128756,4,0,0,0,0,0
168,1240830754646523905,641,1415,"ফ্লু মরসুমটি নীচে নেমে আসছে এবং গরম আবহাওয়া ফিরছে। বিশেষজ্ঞরা পূর্বাভাস দিয়েছেন যে 70% আমেরিকান কোভিড 19 এ সংক্রামিত হবে। দেখা যাচ্ছে .005% ছিল। এটা খুব মিস করে। ভয়, এটা নতুন fakenews।",210,203,0.9666666666666667,19,0,0,0,0,1
170,1241908426327941120,514,998,"যদি আমাদের ""নেতারা"" না চান লোকেরা বিশ্বাস করতে শুরু করে যে এটি সমস্ত ধোঁকা, তারা সর্বোত্তমভাবে এটি দিয়ে রাজনীতি করা বন্ধ করে দেয়। বাস্তব বিশ্বের ধৈর্য এবং বিশ্বাস পাতলা পরা হয়। @ স্পিকারপেলোসি @ স্যানটেডেমেট চাইনিজ ভাইরাস কোভিড 19 করোনভাইরাস",239,232,0.9707112970711297,13,0,0,0,0,0
171,1242476319608201216,770,363,"এই ব্যক্তি মিথ্যা এবং জাল খবর ছড়িয়ে দিচ্ছে। প্রিয় দায়বদ্ধ মালয়েশিয়ানরা, দয়া করে ইউআরএল প্রতিবেদন করুন আপনাকে ধন্যবাদ।",128,106,0.828125,9,0,0,0,0,1
172,1241631591647997952,800,2062,চীনা কমিউনিস্ট শাসনকর্তার সিনিয়র প্রচারক আরও ষড়যন্ত্র তত্ত্ব ছড়িয়ে দিয়েছেন। একই ডিকহেড যিনি বলেছিলেন ভাইরাস আমাদের মধ্যে উদ্ভূত হয়েছিল। টুইটার চীনায় টুইটার নিষিদ্ধ থাকলেও তাদের প্ল্যাটফর্মে চীনা সরকারী কর্মকর্তাদের অনুমতি দেয়।,233,231,0.9914163090128756,9,0,0,0,0,1
174,1241619416594255872,303,1003,"বিহার প্রথম কোভিড -১৯ এর মৃত্যুর খবর দিয়েছে: কাতারের ভ্রমণের ইতিহাস সহ 38 বছর বয়সী এক ব্যক্তি আইটেমস, পাটনায় মারা গেছেন, হাসপাতালের কর্মকর্তা বলেছেন",125,125,1.0,13,0,0,0,0,1
176,1241143349047853056,285,190,"কাত্তার তার মাটিতে হাজারো করোনভাইরাস সংক্রামিত অভিবাসী কর্মীদের জন্য একটি হাসপাতাল তৈরি করতে অস্বীকার করেছিল, পরিবর্তে, তারা তাদের বিনা চিকিৎসাসেবা ছাড়াই পশু আশ্রয়কেন্দ্রে তালাবন্ধ করে দিয়েছে! অভিবাসী শ্রমিকরা দাস নয়, তাদের অধিকার আছে! নীরব থাকার জন্য মানবিক অধিকারগুলিতে লজ্জা!",278,275,0.9892086330935251,7,0,0,1,3,1
177,1242566871964102657,388,476,"নতুন সিডিট্রোভেলনোটেস: রোমানিয়া, কাতার, সিঙ্গাপুর, সৌদি আরব, ফিলিপাইন, ইকুয়েডর, দক্ষিণ আফ্রিকা, ইন্দোনেশিয়া এবং ভারতের কোভিড ১৯। এই অঞ্চলে সমস্ত অপরিহার্য ভ্রমণ এড়ান। আরও তথ্য: ইউআরএল ইউআরএল",246,203,0.8252032520325203,41,0,0,0,0,1
179,1241608444966137856,192,324,বিহারে প্রথম করোনার মৃত্যু। 38 বছর বয়সী সাইফ আলি গত রাতে পাতনা আইইমেসে মারা গেলেন। তিনি কাতার থেকে কিছুদিন আগে ফিরেছিলেন।,122,122,1.0,13,0,0,0,0,1
180,1241617994276409344,139,401,বিহার: করোনভাইরাস কারণে আয়েমস পাটনায় ৩৮ বছর বয়সী এক ব্যক্তি মারা গিয়েছিলেন। তিনি কাতারের কাছ থেকে ফিরে এসে ২০ মার্চ হাসপাতালে ভর্তি হন।,179,156,0.8715083798882681,19,0,0,0,0,1
184,1235714275752267776,63932,226395,@ ভিসেনিউজের জন্য ইটালির প্রাদুর্ভাবের কেন্দ্রবিন্দু - মিলান এবং লম্বার্ডিতে করোনভাইরাস সম্পর্কে রিপোর্ট করার পরে আমি জেফকে পৌঁছেছি। আমি আমাদের কাস্টমস ডান দিয়ে চললাম। তারা আমাকে জিজ্ঞাসা করেনি আমি কোথায় ইতালীতে গিয়েছি বা আমি অসুস্থ মানুষের সংস্পর্শে এসেছি কিনা। তারা আমাকে কিছু জিজ্ঞাসা করেনি।,275,273,0.9927272727272727,15,0,0,0,0,1
185,1235256530728972290,300723,1136504,"সতর্কতা ‼‼‼ টাকার মাধ্যমে করোনার ভাইরাস ছড়িয়ে যেতে পারে। আপনার যদি বাড়িতে কোনও টাকা থাকে তবে কিছু গ্লোভস লাগান, সমস্ত টাকা একটি প্লাস্টিকের ব্যাগে রেখে দিন এবং আজ রাতে সামনের দরজার বাইরে রেখে দিন। আমি আজ রাতে সমস্ত প্লাস্টিকের ব্যাগগুলি সুরক্ষার জন্য সংগ্রহ করছি। আপনার স্বাস্থ্য সম্পর্কে চিন্তা করুন।",267,264,0.9887640449438202,9,0,0,0,0,1
186,1235648554338791427,30379,66246,কোভিড -19 স্বাস্থ্য পরামর্শের URL,48,26,0.5416666666666666,9,0,0,0,0,0
187,1235674258858061825,21037,20403,"চীনা চিকিত্সকরা বলছেন যে করোনাভাইরাস আক্রান্তদের ময়নাতদন্ত পরামর্শ দেয় কোভিড ১৯ ""সর্স এবং এইডস এর সংমিশ্রণের মতো কারণ এটি ফুসফুস এবং প্রতিরোধ ক্ষমতা উভয়ই ক্ষতি করে,"" এবং রোগী বেঁচে থাকলেও ""অপরিবর্তনীয়"" ফুসফুসের ক্ষতির কারণ হতে পারে। @ থিস্পাইব্রিফ ইউআরএল",278,251,0.9028776978417267,17,0,0,0,0,1
188,1235663306246860800,11018,16240,। @ জাতীয় নাগরিকের রাষ্ট্রপতি দেবোরা বার্গার আমাদের ক্যারাওটেইনড নার্সদের একজনের কাছ থেকে একটি সর্বজনীন বিবৃতি পড়েছেন যারা উত্তর ক্যালিফোর্নিয়ার কায়জার সুবিধায় কাজ করে। সম্পূর্ণ বিবৃতি URL কোভিড 19 @ ওয়ার্কসফেকা ইউআরএল,242,196,0.8099173553719008,28,0,0,0,0,0
190,1235602629247537154,11048,36356,তাই করোনার ভাইরাস আপনার চীনার খাবার খাওয়া থেকে বিরত রাখে তবে ভ্রমণ করা কাঁচা ইউআরএল থেকে এইচআইভি থামাতে পারে না,140,116,0.8285714285714286,30,0,0,0,0,0
191,1235566351093137408,12335,9908,মিস করোনার তোমার আরও একটি কাজ আছে,39,36,0.9230769230769231,1,0,0,0,0,0
192,1235620307534258176,10024,41933,"সতর্কতা ‼‼‼ করোনার ভাইরাসটি আন্তর্জাতিকভাবে ছাপা অ্যালবামগুলির মাধ্যমে ছড়িয়ে যেতে পারে। আপনার যদি বাড়িতে কোনও অ্যালবাম থাকে, কিছু গ্লোভস লাগান, সমস্ত অ্যালবামগুলিকে একটি বাক্সে রেখে আজ রাতের সামনে দরজার বাইরে রাখুন। আমি আজ রাতে সমস্ত বাক্স সংগ্রহ করছি সুরক্ষার জন্য। আপনার স্বাস্থ্য সম্পর্কে চিন্তা করুন।",275,272,0.9890909090909091,9,0,0,0,0,1
193,1235758466784014337,8777,30007,হোয়াইট হাউসে একটি টেনিস মণ্ডপ তৈরির ব্যয় কতটি লোকের করোনভাইরাস পরীক্ষা করতে পারে?,117,116,0.9914529914529915,4,1,1,0,0,0
194,1235956474955718656,9750,32597,"এটি মারাত্মক মারাত্মক: আজ সকালে করোন-ভাইরাস নিয়ে কথা বলতে গিয়ে ট্রাম্প বলেছিলেন, 'আমরা এটিকে বন্ধ করে দিয়েছি। আমরা এটা বন্ধ করে দিয়েছি। ' এক সপ্তাহ আগে আমাদের মধ্যে 15 টি নিশ্চিত কেস হয়েছে। আজ 233 আছে। ট্রাম্পের অক্ষমতা হত্যার জন্য এক সপ্তাহে * 5,000 * থাকবে। URL টি",274,249,0.9087591240875912,34,0,0,0,0,1
195,1235725137468514305,7385,15969,@ রিয়েলডোনাল্ড ট্রাম্প প্রশাসনের লোকদের অব্যাহত বিশাল পরীক্ষার ঘাটতির জন্য পদত্যাগ করা দরকার। @ পোটাস জানুয়ারীতে কোভিড_19 সম্পর্কে জানতেন। এবং তিনি করোনাভাইরাস ছড়িয়ে পড়া বন্ধ করার জন্য প্রয়োজনীয় একটি জিনিস করতে ব্যর্থ হন: এটি পরীক্ষা করার জন্য যাতে আমরা এটি ধারণ করতে পারি।,267,264,0.9887640449438202,12,0,0,0,0,1
197,1235418456641531906,13820,96533,"2014 সালে মলির জন্য আপনি যে মিথকে ভুল করেছেন, সেটি হ'ল করোনার ভাইরাস ভ্যাকসিন",67,67,1.0,2,0,0,0,0,1
198,1235685422598062082,8265,61484,আসুন দাদার জন্য আড্ডায় একটি এফ পাই,38,38,1.0,1,0,0,0,0,0
200,1235636443369873415,6617,7526,"@ সিএনবিসি-তে রিক স্যান্টেলি কেবল যুক্তি দিয়েছিল যে সবাই যদি এখনই করোন ভাইরাস পেয়ে যায় এবং বিশ্বের ২% মানুষ মারা যায়, যাতে আর্থিক বাজারগুলি স্থিতিশীল হয়। রিক রিপাবলিকানদের পছন্দ করে, রিকের মতো হবে না। এটি ভাইরাল হওয়া উচিত। ভোটব্লায়টোসেভামেরিকা ইউআরএল",301,277,0.920265780730897,19,0,0,0,0,1
201,1235786467420581888,4842,8988,"ঘড়ি: 'কোভিড -১৯ এর সামগ্রিক মৃত্যুর হারের এখনকার সেরা অনুমান কোথাও 0.1% থেকে 1% এর মধ্যে রয়েছে' ' ব্রেট গিরোইর, এইচ এইচএসের স্বাস্থ্য বিষয়ক সহকারী সচিব ড। 'এটি আপনি বেশিরভাগ প্রতিবেদনে শুনেছেন এর চেয়ে কম ... এটি সম্ভবত 2 থেকে 3% এর পরিসরে নয় """,295,275,0.9322033898305084,26,0,0,0,0,1
204,1235713244649713665,4180,15781,প্রেসিডেন্ট @ রিয়েলডোনাল্ড ট্রাম্প যখনই শুনলেন যে করোন ভাইরাস চিনে সমস্যা হয়ে উঠেছে তখন তিনি চীন থেকে মার্কিন যুক্তরাষ্ট্রের প্রবেশ বন্ধ করে দেন। এটি অনেক জীবন বাঁচায়! ট্রাম্পটাউনহাল ইউআরএল,205,181,0.8829268292682927,14,0,0,1,1,1
205,1236020820947931136,5929,12879,"সংক্রামক রোগের গতিবিদ্যার জন্য হার্ভার্ডের কেন্দ্রের পরিচালক এপিডেমিওলজিস্ট মার্ক লিপসিচ: ""আমাদের মধ্যে এটি অন্তর্ভুক্তের বিপরীত। ' URL টি",162,142,0.8765432098765432,16,0,0,0,0,1
206,1235777621604134914,6571,5060,"এইটি পেয়েছে: হিশাম হামদানের ব্যক্তিগত বিবৃতি, কোভিড -১৯ @ কেস ২ 26। এটি পড়ুন। চোখের খোলার। URL টি",118,97,0.8220338983050848,25,0,0,0,0,0
207,1235788666737291264,3810,6145,টরন্টোর কোভিড ১৯ এর আরেকটি ঘটনা রয়েছে যিনি ..... লাস ভেগাসে সংক্রমণটি পেয়েছিলেন in আপনি ঠিক শুনেছেন - লাস ভেগাস। মার্কিন যুক্তরাষ্ট্র কেস রফতানি করছে এবং ভ্রমণের ইতিহাস দ্রুত অপ্রাসঙ্গিক হয়ে উঠছে। URL টি,238,214,0.8991596638655462,18,0,0,0,0,1
208,1235909436033699847,3479,7921,"ব্রেকিং: বিশ্বব্যাপী এখন করোন ভাইরাসের এক লক্ষেরও বেশি ঘটনা ঘটেছে। কোভিড ১৯ এর ফলে ৩৩৯৯৮ জন মারা গিয়েছেন এবং ৫৫,672২ জন পুনরুদ্ধার করেছেন।",146,144,0.9863013698630136,14,0,0,0,0,1
209,1235402290997141505,7006,14437,"আমি আজ করোনাভাইরাসতে উপস্থিত প্রতিটি কাগজ পড়ার সিদ্ধান্ত নিয়েছি। আমার ব্যাকগ্রাউন্ডটি জীববিজ্ঞান এবং স্নায়ুবিজ্ঞান এবং আমি প্যারাবোলিক প্রবণতাগুলি প্রারম্ভিক, ডেটা এবং চিকিত্সা গবেষণার সাথে আকস্মিক হয়ে পড়েছি। এখানে সর্বশেষ গবেষণার সাথে একটি থ্রেড নিখরচায় রিটুইট বা ক্রেডিট সহ উদ্ধৃত করতে পারেন",279,275,0.985663082437276,9,0,0,0,0,0
210,1235913020469108737,4655,29727,আমি যারা করোন ভাইরাস দ্বারা অসুস্থ এবং তাদের যত্ন নিচ্ছেন এমন স্বাস্থ্যসেবা কর্মীদের পাশাপাশি সিভিল কর্তৃপক্ষ এবং রোগীদের সহায়তা করার ক্ষেত্রে এবং ভাইরাসের বিস্তারকে যুক্ত করার জন্য যারা জড়িত তাদের প্রতি আমার ঘনিষ্ঠতাটি আবার প্রকাশ করতে চাই।,250,249,0.996,1,0,0,0,0,0
211,1235248869463732224,7137,19757,"Hmmm। তবুও যদি এটি হ্যারি এবং মেঘান ছিল যে এটি সম্পর্কে রসিকতা করেছিল, তবে এটি ""মেঘন নিখরচায় ব্রিটিনের নিরীহ নাগরিকদের জন্য মৃত্যু কামনা করে""",137,137,1.0,7,0,0,0,0,0
213,1235631509983412224,3342,6868,জোনস হপকিন্স বিশ্ববিদ্যালয়ের @ জুস্টিস্টেমের ইউআরএল ইউআরএল দ্বারা চিহ্নিত করোনাভাইরাস কোভিড -১৯ টি বিশ্বব্যাপী মামলা,134,94,0.7014925373134329,21,0,0,0,0,0
214,1235635838052175878,55310,171857,"আপনি কি জানেন যে এই মুহুর্তে কোভিড -19-এর 96,950 টি কেস রয়েছে? আপনি কি জানেন যে এটি থেকে 3,308 জন মারা গেছে? তবে আপনি কি জানেন যে এর মধ্যে 53,981 টি মামলা ইতিমধ্যে পুনরুদ্ধার হয়েছে? মিডিয়া আপনার মস্তিষ্ক নিয়ন্ত্রণ করতে দেওয়া বন্ধ করুন। ভীতি কৌশল হ'ল বাস্তব কৌশল। আপনার গবেষণা করবেন।",278,275,0.9892086330935251,12,1,3,0,0,1
215,1235740278901723136,3187,8699,"প্রিয় @vp পেন্স: নীচে সত্য? তোমার কোন পরিকল্পনা আছে? এছাড়াও, স্থানীয় এখতিয়ারগুলি যখন আপনার প্রতিশ্রুতি দিয়েছিল করোনভাইরাস পরীক্ষার কিট পেতে চলেছে?",144,142,0.9861111111111112,8,1,3,0,0,0
216,1235760705741127683,11789,7351,আমি একটি মাদুর সাল্লেহ বসের সাথে কাজ করি এবং প্রতিবার যখন কেউ কাউকে হাঁচি বা কাশি শুনেন তিনি তত্ক্ষণাত্ ফিরে যেতে বা বাড়ি থেকে কাজ করতে বলতেন। আমাদের এশিয়ানদের বিষয়টি হ'ল আমরা সবসময়ই মনে করি রজনীন ডিটিজি কার্জা ওয়ালাপুন শাকিত এত উত্সর্গীকৃত তবে আপনি কেবল জীবাণু ছড়াচ্ছেন না .....,279,279,1.0,76,0,0,0,0,1
218,1236059089630908419,5618,16982,"ফেডারেল সরকার কোভিড -১ testing পরীক্ষায় পা টেনে আনার কয়েক সপ্তাহ পরে, ট্রাম্প কেবল ক্যামেরার সামনে স্বীকার করেছেন যে তিনি তার ব্যক্তিগত রাজনৈতিক সুবিধার জন্য এই প্রাদুর্ভাবের পরিমাপটি কাজে লাগাতে চান।",211,211,1.0,9,0,0,0,0,1
221,1235795983503630336,2908,26369,আমি আমার হাত ধোয়া: [বাই শ্যারোনা ভয়েস] ডাই করোনা,51,51,1.0,0,0,0,0,0,0
222,1235927534308556802,3436,31069,রিপ দাদা আমরা কি 30 গিফটেড সাব পেতে পারি? ',39,39,1.0,4,1,1,0,0,0
223,1235723999897882624,2323,5258,wtaf?!?! কোভিড ১৯-এর লক্ষণযুক্ত ডার্টমাউথের একজন ব্যক্তিকে পরীক্ষার ফলাফলের জন্য অপেক্ষা করার সময় স্বতঃসংশ্লিষ্টতা জিজ্ঞাসা করা হয়েছিল। তিনি সিদ্ধান্ত নিয়েছিলেন যে তিনি ভাল আছেন এবং একটি পার্টিতে যান। পরের দিন ইতিবাচক ফলাফল ফিরে এসেছিল। এখন অন্য একটি আছে। এত লোক কেন এটাকে রসিকতা বলে মনে করছে? coronavirususa,277,274,0.9891696750902527,21,1,3,1,2,1
225,1235743728247037952,2570,7185,"এখানে আমার পাবলিক সার্ভিসের ঘোষণাটি দেওয়া হয়েছে: যদি @ রিয়েলডোনাল্ড ট্রাম্প কর্নাভাইরাসঘটনার বিষয়ে ডাক্তার এবং বিশেষজ্ঞরা যা বলেছেন তার সাথে বিরোধে কিছু বলে বা টুইট করেন, তবে চিকিত্সক এবং বিশেষজ্ঞদের বিশ্বাস করুন। আপনার জীবন এবং আপনার পরিবার এবং বন্ধুদের জীবন ঝুঁকিতে পড়তে পারে।",262,261,0.9961832061068703,7,0,0,0,0,0
226,1235281112684843009,12944,36274,কোভিড -১৯ সম্পর্কে ভীতিকর বিষয়টি হ'ল এটি জিরা টিকিটের মতো দেখাচ্ছে,69,69,1.0,9,0,0,0,0,0
228,1234747040669716482,118800,438115,"করোনার ভাইরাসে আক্রান্ত হয়ে মারা যাওয়া মানুষের তুলনায় প্রতি বছর নিয়মিত চোখে ফ্লুতে বেশি লোক মারা যায়, কাশির সময় আপনার মুখগুলি আপনার মুখটি ধুয়ে ফেলুন কাশি যখন আপনার চোদন ভিটামিন গ্রহণ করে এবং আপনি এশিয়ান ব্যক্তির প্রতি বর্ণবাদী হওয়া বন্ধ করেন যে আপনি দেখেন যে আপনি মাথা কাটাচ্ছেন",263,263,1.0,216,0,0,0,0,1
229,1235714090057830402,2504,28011,অনুবাদ - একটি 60 বছর বয়সী মহিলা ঠান্ডা ধরা পড়েছিল এবং ভাল আছেন।,60,60,1.0,2,0,0,0,0,1
230,1235669879027576833,2261,8053,এটি করোনার সময় ইউআরএল,40,20,0.5,7,0,0,0,0,0
231,1235506614272241664,7281,21093,"এটিকে প্রথম না দেখে করোনভাইরাস থেকে মারা যাবেন না, এটি আপনি এই বছর দেখছেন এমন সেরা ক্লিপ। covid_19 বৃহস্পতিবারে তৃতীয় বৃহস্পতিবার সম্প্রসারণ করোন ভাইরাস ইউআরএল",182,156,0.8571428571428571,11,0,0,0,0,0
232,1236048815754326016,5094,11968,কোভিড 19 পরীক্ষার অবিচ্ছিন্নতা @ রিয়েলডোনাল্ড ট্রাম্প দ্বারা কর্তব্যকে হ্রাস করা। করণোভাইরাস সম্পর্কে জান থেকে তিনি জানতেন। বিশেষত লজ্জাজনকটি হ'ল @ পোটাস ভাইরাসটি বন্ধ হয়ে গেছে বলে টেস্টিংয়ের অভাবে কৃত্রিমভাবে বিচ্ছিন্ন সংখ্যাগুলি ব্যবহার করছেন। এটা না।,277,273,0.9855595667870036,60,0,0,0,0,1
233,1235347146850914306,26148,158000,"যদি আমি করোনাকে পেয়েছিলাম তবে আমি সেই পাগল টিবিএইচ হতে পারব না। শোষণ এবং স্টাফগুলি ধরে রাখতে, পড়তে, একগুচ্ছ লিখতে এবং আমি ভাগ্যবান হলে, মারা",156,156,1.0,0,0,0,0,0,0
234,1234245348572487682,206397,413443,এটি করোনার ভাইরাসে আমি যে তথ্য পেয়েছি তার মধ্যে এটি সেরা সেট এবং এটি পুরো 10 মিনিটের ইউআরএল দেখার পক্ষে উপযুক্ত,119,99,0.8319327731092437,8,0,0,0,0,0
235,1235754913264779270,1889,10158,করোনাভাইরাস করোন ভাইরাস চ্যালেঞ্জ ইউআরএল সহ সাধারণ অসুস্থ মানুষ vs,89,68,0.7640449438202247,10,0,0,0,0,0
236,1235811829751799810,1944,11357,সাম্প্রদায়িক বিদ্বেষের ভাইরাস করোনার ভাইরাসের চেয়ে মারাত্মক!,59,59,1.0,2,0,0,1,1,0
238,1235617743161815041,2546,7819,করোনার ভাইরাস অস্থায়ী। ঘরের সংগীত চিরকালের জন্য,50,49,0.98,4,0,0,0,0,0
239,1235941267047174150,1894,4038,আপনার অনুমোদনের নম্বরগুলি সাহায্যের জন্য করোনাভাইরাস ভুক্তভোগীদের পরীক্ষা অস্বীকার করা হত্যার চেষ্টা বলে বিবেচিত হওয়া উচিত। URL টি,129,109,0.8449612403100775,4,0,0,0,0,0
240,1235801885354758144,3079,7134,করোনভাইরাস 19 টি বাতিল! URL টি,60,37,0.6166666666666667,11,0,0,1,1,0
241,1236060750210387970,6094,29801,আপনি করোনার বিষয়ে টুইট করছেন কিন্তু কর্ণিশিয়ান স্মেথ নয়,51,51,1.0,1,0,0,0,0,0
242,1235350438658134019,4976,11612,পুরো সমগ্র বিশ্ব: করোনার ভাইরাস বিপজ্জনক। জ্যামাইকানস: ইউআরএল,86,65,0.7558139534883721,7,0,0,0,0,0
243,1235882155357728771,2050,16442,"ইউআরএল ইউআরএল ""আপনি দেখতে পাবেন যে কফিন এটি সেখানে""",89,48,0.5393258426966292,5,0,0,0,0,0
244,1236071277955252226,9802,47001,"প্রতিকূল মহাশূন্য এলিয়েনদের আক্রমণের মতো কোভিড -১৯ হ'ল ​​মানব প্রজাতির শত্রু যা আলোচনা করবে না। এটি আপনার জাতীয়তা, আদর্শ, রাজনীতি বা ধর্মের বিষয়ে চিন্তা করে না। আমাদের সকলের এই শত্রুটির বিরুদ্ধে লড়াই করার বিশ্বব্যাপী প্রচেষ্টা প্রয়োজন, বিজ্ঞানের দ্বারা পরিচালিত এবং যাদুকরী চিন্তাভাবনার দ্বারা নয়। URL টি",300,280,0.9333333333333333,10,0,0,0,0,1
245,1235966384053485568,1934,6611,"শুক্রবার এর মাথাই ফুক্স, আপনি করোনার রস এবং একটি শ্বাস প্রশ্বাসের মুখের সাথে ভরা বাদামের বস্তা দিয়ে দেখিয়ে দিচ্ছেন .....",110,110,1.0,3,0,0,0,0,0
246,1235586819795947521,3374,4528,ভিডিও: মক্কার পবিত্র মসজিদে পবিত্র কাবার চারপাশের অঞ্চলটি করোন ভাইরাসের ভয়ের কারণে এবং তীর্থযাত্রীদের সুরক্ষার জন্য অস্থায়ীভাবে এটিকে পরিষ্কার ও জীবাণুমুক্ত করার জন্য লোকেদের খালি করা হয়েছিল। URL টি,231,208,0.9004329004329005,16,0,0,0,0,1
248,1235703439688175618,2339,3921,"প্রাথমিকভাবে অস্বীকার করার জন্য এবং পরে কোভিড ১৯ পরীক্ষা করতে দেরি করার জন্য একজন নার্স - করোনাভাইরাসের সংস্পর্শে এবং পৃথক রোগে অসুস্থ — হাতুড়ি @ সিডিসিগোভকে। ""কী হাস্যকর এবং অশিক্ষিত প্রতিক্রিয়া ... এটি জনস্বাস্থ্যের জরুরি অবস্থা” "" এইচ / টি @ আইআম_ব্রোকস্মিথ @ জাতীয়করণের ইউআরএল",272,246,0.9044117647058824,32,0,0,0,0,1
249,1235912217943355392,2078,3524,"মার্চ 6th ষ্ঠ বিকাল ৩ টায় কেএসটি হিসাবে বিটিসর্মি প্রায় দান করেছিলেন। 50 দিনের মধ্যে কোভিড -19 ত্রাণের জন্য 505,500,000 জিতেছে !! @bts_twt ইউআরএল",140,109,0.7785714285714286,27,0,0,1,2,1
250,1235735428872974340,1574,3653,"রাষ্ট্রপতি ট্রাম্প কোভিড -১৯ এর জন্য একটি নিরাময়ের ব্যবস্থা করতে পারেন এবং আমরা টিডিএস ভিড়ের কাছ থেকে 'আমার নিরাময় নয়' শুনতাম। তারা বলে আমরা একটি সম্প্রদায়, যখন বাস্তবে আমরা পরিবার। টিম ট্রাম্প একটি রাজবংশ এবং এই রাজবংশ তাকে পুনরায় নির্বাচিত করতে চলেছে। landslide2020",236,233,0.9872881355932204,14,0,0,0,0,0
251,1235751746107879424,1877,3741,"@ রিয়ালডোনাল্ড ট্রাম্প এবং ক্রোনিজ করোনাভাইরাসউব্রেককে ছাড়িয়ে যাওয়ার পরে, পেন্স এখন স্বীকার করেছে যে পর্যাপ্ত করোনভাইরাস টেস্ট কিট নেই। বিশেষজ্ঞরা (আমাকে সহ) কয়েক সপ্তাহ ধরে এটি দেখতে পেয়েছেন এবং পয়েন্ট-অফ-কেয়ার কোভিড ১৯ টি পরীক্ষার আহ্বান জানিয়েছেন। তাদের অক্ষমতা জীবন ব্যয় করতে হবে। @thespybrief",279,272,0.974910394265233,13,0,0,0,0,1
252,1235661301835235328,1898,2122,হংকংগাররা উপযুক্ত কারণেই তাদের নিজস্ব সরকারকে না শোনার সিদ্ধান্ত নিয়েছিল এবং নিজেদের সুরক্ষার জন্য মুখোশ পরার সিদ্ধান্ত নিয়েছিল। এই তালিকার বেশিরভাগ দেশের তুলনায় হংকংয়ের করোনভাইরাস পথে প্রথম ঘটনা ঘটেছে এবং এর পরে এর ক্ষেত্রে প্রায় কোনও কমই দেখা যায়নি।,279,276,0.989247311827957,4,0,0,0,0,1
253,1235778760932196357,2745,10066,সুতরাং স্থানীয় সংক্রমণ আছে। আপনার হাত ধুয়ে নিন দয়া করে মানুষের কাশি বা হাঁচিবেন না।,95,95,1.0,3,0,0,0,0,0
254,1235407182168023040,4735,22770,"কেরালা ভারতের একমাত্র রাজ্য যা সফলভাবে ৩ টি মারাত্মক ভাইরাস, করোনা, নিপা এবং বিজেপি বন্ধ করেছিল।",99,99,1.0,7,0,0,0,0,1
256,1234756199335133184,11560,9633,আমার বিহুন সুপার সাম্বল হিটম ছাড়া নিখুঁত নয়,49,47,0.9591836734693877,1,0,0,0,0,0
258,1235949880952094720,1618,8524,সুতরাং আজকের জন্য এখানে একটি প্রশ্ন রয়েছে: আপনি যদি সিটল অঞ্চলে ডাক্তার হন তবে আপনি কি আজকের মতো পরীক্ষা করা উচিত বলে মনে করেন এমন কোনও রোগীর জন্য কোভিড -১৯ পরীক্ষা করতে পারেন? এলাকার প্রকৃত চিকিত্সা পেশাদারদের কাছ থেকে শুনতে আগ্রহী।,223,223,1.0,8,1,1,0,0,0
259,1235714445747179520,1883,21051,আমরা কী বলতে পারি যে '16 জনের পরীক্ষা করা হয়েছে',61,61,1.0,0,0,0,0,0,0
260,1235714668833828864,1625,7666,"এই করোনভাইরাস জরুরী প্রতিক্রিয়া প্যাকেজটি আমাদের সরকারকে এই জনস্বাস্থ্য সংকট মোকাবিলা করার জন্য প্রয়োজনীয় সংস্থানগুলি দেয় - অন্যান্য গুরুত্বপূর্ণ উদ্যোগ থেকে একটি পয়সা চুরি না করে। আমার স্বাক্ষর সহ, এটি রাষ্ট্রপতির ডেস্কে যায়। URL টি",261,240,0.9195402298850575,5,0,0,0,0,1
261,1235545254347984897,2463,6171,ভাইরাস আমাদের ভ্রমণ প্রয়োজন। আসুন আমরা সচেতন ও দায়িত্বশীল পদক্ষেপের মাধ্যমে 'ভাইরাসকে পরাজিত করি'। ভাইরাসগুলি আপনার এবং জাতির জীবনকে স্থানচ্যুত এবং ব্যাহত করার অনুমতি দেবেন না। - এসএজি করোনাভাইরাস,185,184,0.9945945945945946,14,0,0,0,0,0
263,1235788042889318400,1762,3874,"ভাল, আমরা এখানে এটি আগে বলা, আমরা না? বা কমপক্ষে প্রথমটির মধ্যে ... এটি সুসংবাদ হবে।",97,97,1.0,3,1,1,0,0,0
265,1235829825706680322,1056,2436,"প্রিয় @ স্টেটেপ্ট: @ হাউজফরাইএন বিষয়ক কমিটিতে গত সপ্তাহে একটি অনুস্মারক, @secpompeo times বার অস্বীকার করতে অস্বীকার করেছিল যে করোনাভাইরাসটি একটি প্রতারণা। URL টি",167,145,0.8682634730538922,13,0,0,0,0,1
266,1235964038242340866,1096,1439,টার্কির সাথে অদ্ভুত কিছু চলছে এটি কার করোনার ভাইরাস সম্পর্কে প্রমাণ দিতে অস্বীকার করছে। গুজব রয়েছে যে সমস্যাটি ইরানের মতো প্রায়। কিছু ক্ষেত্রে তুরস্কের বিমান সংস্থাগুলিতে রিপোর্ট করা হয়েছে। তারা প্রমাণ দেয় না যেহেতু তা দেউলিয়ার URL এর প্রান্তে রয়েছে,301,281,0.9335548172757475,22,0,0,0,0,1
267,1235582989511213056,971,2741,"জাপান: ক্লোজ স্কুল ইটালি: ক্লোজ স্কুল এবং ফুটবল গেমস চীন: সবকিছু বন্ধ করে অলিম্পিক; ট্রাম্প বাতিল করতে পারে: করোনাভাইরাস একটি প্রতারণা, আমার কুঁচি বিশেষজ্ঞরা ভুল, এবং আপনার কাজ এবং স্কুলে যাওয়া উচিত। ট্রাম্পায়রাস কোভিড 19 করোন ভাইরাস",244,238,0.9754098360655737,14,0,0,0,0,1
268,1235586291200389120,779,1214,"বাধা দেবেন না! দোষারোপ 4 করোনভাইরাসচিনা আমাদের নতুন অশুভ সাম্রাজ্য 4 এর প্রচ্ছদকে 2 একক করে তুলবে। এই মহামারীটি কেবল চীনা মানুষকেই নয়, সমগ্র অঞ্চলে মানুষকে হত্যা করছে। ওহান ভুক্তভোগীরা উপ-প্রিমিয়ার পরিদর্শনকালে ভুয়া চিৎকার করেছে। URL টি",275,244,0.8872727272727273,13,0,0,1,1,1
271,1236036720656650240,478,594,"ট্রাম্প প্রচারে 'মিথ্যা ও মানহানিকর' 'রুশিয়া রুশিয়া' বক্তব্যকে কেন্দ্র করে সিএনএন মামলা করেছে, লক্ষ লক্ষ লোকসানের ক্ষতি চেয়েছে। জাল নিউজ মিডিয়াস করোনভাইরাস থেকে খারাপ। জনগণের শত্রু! মহান জাগরণ। আপনি এখন খবর। হ্যান্ডেল ডাব্লু / যত্ন। q Qanon Trump2020 kag kag2020 wwg1wga URL",302,273,0.9039735099337748,51,0,0,1,1,1
272,1235921373991546882,280,520,"কোভিড ১৯ থেকে আরও তিনজন ইরানীয় কর্মকর্তা মারা গেছেন বলে জানা গেছে। হয় রাজনীতিবিদ হওয়া আপনাকে করোন ভাইরাস থেকে অতিরিক্ত সংবেদনশীল করে তোলে, বা রোগের বিস্তারটি সরকার স্বীকারের চেয়ে বেশি মাত্রার অর্ডার হয়: ইউআরএল",244,223,0.9139344262295082,14,0,0,0,0,1
273,1235938655249870848,230,903,@ রিয়ালডোনাল্ড ট্রাম্প ডোনাল্ড ট্রাম্প আটলান্টায় সিডিসিতে তাঁর ভ্রমণ বাতিল করেছেন কারণ একজনের অভিযোগ রয়েছে যে করোন ভাইরাস ছিল ?? ভন্ড ইউআরএল,148,126,0.8513513513513513,11,1,2,0,0,1
274,1235936415516700675,204,376,"এটি আপনাকে অবাক করে তোলে। আপনি যদি কেবল একটি প্রতারণা, বা খারাপ ফ্লু থেকে দূরে থাকেন তবে কেন আপনি একটি দর্শন বাতিল করবেন? জারমাফোবেট্র্যাম্পের 2 মান রয়েছে। কোভিড -19-এ সংক্রামিত প্রত্যেক ব্যক্তি এখনও কাজ করতে যেতে পারে, যদি না তিনি প্রধান ইউআরএল হাড়ের লোক হন",247,222,0.8987854251012146,16,1,1,0,0,1
275,1235563421459976193,2593,7696,সতর্কতা: এই লোকটি জোটবদ্ধ ছদ্মবেশী সাম্রাজ্যের রাজা। তিনি যা বলেন বা লেখেন কিছুই বিশ্বাস করবেন না। তিনি খাঁটি বিশৃঙ্খলা।,128,119,0.9296875,14,0,0,0,0,1
276,1235908760620748800,256,504,গণমাধ্যম আমাদেরকে জাল মামলা সম্পর্কিত প্রশ্নে বোমা মারছে। আমি এক যারা প্রথম জানতে হবে। আমি আপনাকে জাল নিউজ করোন ভাইরাস URL থেকে বিরত থাকার জন্য অনুরোধ করছি,165,144,0.8727272727272727,7,0,0,0,0,1
277,1235902012375674881,186,197,"নিউইয়র্ক এগ্রি টেলিগ্রাফিক জিম্বাকারকে জাল কর্নাভাইরাস নিরাময় বিক্রয় বন্ধের জন্য সতর্ক করেছে লিঃ আঃ এর স্বাস্থ্যসেবা ব্যুরোর প্রধান, বৃহস্পতিবার বেকারকে একটি থামিয়ে এবং নিষেধাজ্ঞার চিঠি পাঠিয়েছেন আইনী পদক্ষেপ মোগ ব্লুওয়েভ ২০২০ ম্যাগ খ্রিস্টান ইউআরএল",276,244,0.8840579710144928,53,0,0,0,0,1
278,1235817262847635457,168,645,"করোনার ভাইরাস দক্ষিণ আফ্রিকা পৌঁছানোর আগে, ট্রেভর নোয়া প্রতিদিনের অনুষ্ঠানে মজা করে বলেন যে আমরা চীন এবং তাদের নকল জিনিসগুলির কারণে মারা যাব। কিছু আমেরিকান ক্ষুব্ধ হয়েছেন যে তিনি এমন মারাত্মক পরিস্থিতি নিয়ে মজা করছেন এবং তিনি ছিলেন like",258,258,1.0,10,0,0,0,0,1
279,1234964653014384644,21827,63912,"যেহেতু এটি কখনই মিডিয়া দ্বারা রিপোর্ট করা হবে না, তাই আমি এই চেকটির একটি অনুলিপি ভাগ করতে চেয়েছিলাম। @ রিয়েলডোনাল্ড ট্রাম্প এই ত্রৈমাসিকায় আবারও যুক্তরাষ্ট্রে সরকার back don ""তার বেতন অনুদান দিচ্ছেন, এটি @hhsgov কে কর্নাভাইরাসকে মোকাবেলা করতে, ধারণ করতে এবং লড়াই করার জন্য অনুদান দেওয়া হবে। ইউনাইটেড স্টেটস অফ ইউনাইটেড স্টেটস ফ্ল্যাগ",319,313,0.9811912225705329,19,0,0,0,0,1
281,1234873136304267267,18118,73031,"লোকেরা, যখন আপনি বলছেন ""করোনার ভাইরাস কোনও বড় বিষয় নয়, তবে এটি কেবলমাত্র প্রতিবন্ধী, বয়স্ক, ছত্রাকজনিত অসুস্থ এবং অনাক্রম্য ব্যক্তিদের হত্যা করে,"" এর অর্থ এই যে লোকেরা ব্যয়যোগ্য। আরও যত্নবান হন।",211,210,0.995260663507109,3,0,0,0,0,0
282,1235071285027147776,16069,53755,ভারতে করোনার ভাইরাসের মাত্র 1 টি কেস এবং মানুষ মুখোশের জন্য পাগল !! প্রতিদিনের 400 জন মানুষ সড়ক দুর্ঘটনায় মারা যায় এবং এখনও ভাইরাস বা সড়ক দুর্ঘটনার কারণে হেলমেটগুলির মুখের সুরক্ষা বাঁচার চিন্তাভাবনা নেই!,194,189,0.9742268041237113,7,0,0,1,3,1
283,1234911110861594624,13135,38613,"রাষ্ট্রপতি @ রিয়ালডোনাল্ড ট্রাম্প অফিসে থাকাকালীন তার বেতন অনুদানের প্রতিশ্রুতিবদ্ধ করেছিলেন। এই প্রতিশ্রুতির প্রতি শ্রদ্ধা জানানো এবং আমেরিকান জনগণকে আরও সুরক্ষিত করার জন্য, তিনি কর্নাভাইরাসকে মোকাবেলা, ধারণ এবং লড়াইয়ের জন্য পরিচালিত প্রচেষ্টাকে সমর্থন করার জন্য @hhsgov কে তার 2019 এর Q4 বেতন অনুদান দিচ্ছেন।",284,279,0.9823943661971831,11,0,0,0,0,1
284,1234685467682979840,123816,321253,"আমি সিটলে থাকি, আমার কোভিড -১৯ এর সমস্ত লক্ষণ রয়েছে এবং দীর্ঘস্থায়ী ব্রঙ্কাইটিসের ইতিহাস রয়েছে। যেহেতু আমি অনেক 65+ রোগী এবং দীর্ঘস্থায়ী অসুস্থতা নিয়ে একটি শারীরিক থেরাপি ক্লিনিকে কাজ করি, তাই আমি দায়বদ্ধ হয়ে পরীক্ষা নেওয়ার সিদ্ধান্ত নিয়েছিলাম। এভাবেই চলে গেল",266,264,0.9924812030075187,12,0,0,0,0,1
285,1235024875279933440,13752,50421,"আমার বাবা বলেছিলেন ""কেন তারা কেবল করোনার ভাইরাস নিরাময় করে না"" এবং আমি তাকে বলেছিলাম যে এটি আমাকে এই হোম চলচ্চিত্রের ক্লিপটির কথা মনে করিয়ে দেয়",106,106,1.0,0,0,0,0,0,0
286,1235083359501430789,18552,103374,বিশ্বজুড়ে বিশেষজ্ঞরা কোভিড -১৯ উপন্যাসের করোন ভাইরাস ছড়িয়ে পড়তে যাতে জনসমাগম কমাতে পরামর্শ দিয়েছেন। তাই এ বছর আমি কোনও হোলি মিলন কর্মসূচিতে অংশ না নেওয়ার সিদ্ধান্ত নিয়েছি।,194,194,1.0,12,0,0,0,0,1
287,1235219248903073800,10912,43123,ইস্রায়েলের প্রধানমন্ত্রী বেঞ্জামিন নেতানিয়াহু @ নেটানিয়াহু কর্নাভাইরাসের বিস্তারকে প্রশমিত করতে একটি সংবাদ সম্মেলনে ইস্রায়েলিদের নমস্কারের শুভেচ্ছার ভারতীয় পদ্ধতি অবলম্বন করতে উত্সাহিত করেছেন,182,178,0.978021978021978,8,0,0,0,0,1
288,1234979421464879105,11060,29351,প্রিয় @ রিয়েলডোনাল্ড ট্রাম্প: আপনি জানুয়ারীতে কোভিড_19 সম্পর্কে জানতেন। এটি মার্চ এবং আপনার প্রশাসনের কাছে এখনও পর্যাপ্ত পরীক্ষার কিট নেই। এটি নিঃসঙ্কোচ এবং দায়বদ্ধতা থেকে মুক্ত। করোনআউটব্রেক কমানো বন্ধ করুন এবং নেতৃত্ব শুরু করুন। জীবন ঝুঁকির মধ্যে রয়েছে। <LINK>,268,264,0.9850746268656716,14,0,0,0,0,1
289,1235185048078278657,7849,33671,নিরাপত্তা সর্বদা প্রথম আসে। আতঙ্কিত হয়ে নিরাপদে থাকবেন না। করোনালার্ট <লিঙ্ক>,74,73,0.9864864864864865,4,0,0,0,0,0
290,1234916336393969667,5588,13862,"করোনাভাইরাস সংখ্যায় সবচেয়ে বেশি সংখ্যক দেশগুলি নির্ধারণ করে 1. চীন 2. দক্ষিণ কোরিয়া 3. ইতালি 4. ইরান 5, জাপান 6. ফ্রান্স 7. জার্মানি 8. স্পেন 9. সিঙ্গাপুর 10. মার্কিন",158,156,0.9873417721518988,14,0,0,0,0,1
291,1234616723615166465,11277,22335,"সিঙ্গাপুরে প্রকাশিত হচ্ছে করোনভাইরাস তথ্যের গভীরতা দেখে আমি হতবাক। এই ওয়েবসাইটে আপনি প্রতিটি পরিচিত সংক্রমণের কেস দেখতে পাবেন, যেখানে ব্যক্তিটি বাস করে এবং কাজ করে, কোন হাসপাতালে তারা ভর্তি হয়েছিল এবং ক্যারিয়ারের নেটওয়ার্ক টপোলজি সবই একটি টাইম-সিরিজের উপরে রেখেছিল <লিঙ্ক>",284,282,0.9929577464788732,3,0,0,0,0,1
292,1235351764737675264,7704,33286,"ধন্যবাদ, দুর্দান্ত কাজ চালিয়ে যান!",34,34,1.0,1,0,0,1,1,0
293,1235149229179404289,4872,9292,"নতুন করোনাভাইরাস বিশ্বব্যাপী প্রায় ৩.৪% কেস হারিয়েছে - এটি ফ্লুর চেয়ে মারাত্মক, তবে এখনও ধারণযোগ্য নয়। মৌসুমী ফ্লুর মৃত্যুর হার 1% ইউআরএল এর নীচে",196,176,0.8979591836734694,2,0,0,0,0,1
294,1234650511636410368,7131,15268,নাইজেরিয়া ইবোলা এবং করোনার ভাইরাস কার্যকরভাবে পরিচালনা করতে সক্ষম হচ্ছে আপনাকে কেবল আপনাকে জানাতে দেয় যে অন্য সমস্ত ক্ষেত্রে অক্ষমতা উদ্দেশ্যপ্রাপ্ত is,137,137,1.0,3,0,0,0,0,0
295,1234634259912155137,17914,82924,"বিরতি: আমি জরুরী ঘর, জরুরি যত্ন এবং অফিস পরিদর্শন সহ করোনভাইরাসগুলির পরীক্ষার সাথে সম্পর্কিত ব্যয় ভাগাভাগি মওকুফ করার জন্য এনআইয়ের স্বাস্থ্য বীমাদাতাদের প্রয়োজনীয় একটি নতুন নির্দেশের ঘোষণা দিচ্ছি। আমরা কোনও নতুন ইয়র্কারের জন্য কোভিড -১৯ টেস্টিংয়ে অ্যাক্সেসের জন্য ব্যয়টিকে বাধা হতে পারি না।",273,271,0.9926739926739927,19,0,0,0,0,1
296,1235210250812305408,4477,16086,"নেতানিয়াহু করোনার বিরুদ্ধে ইস্রায়েলের নতুন চূড়ান্ত পদক্ষেপের ঘোষণা দিচ্ছেন। ইস্রায়েলিদের হাত কাঁপানো বন্ধ করার নির্দেশ দেয়, পরিবর্তে নামস্টের ভারতীয় রীতি অনুসরণ করার পরামর্শ দেয়। l ™ ðŸ ½ <লিঙ্ক>",175,174,0.9942857142857143,5,0,0,0,0,1
297,1235239113298759680,6000,14222,"কেবল ইর দস্তকের সাথে কথা বলেছেন যারা বলে যে তিনি 99% নিশ্চিত করোন ভাইরাস হিসাবে কেস দেখছেন। ফ্লু, সাম্প্রতিক ভ্রমণ, বিমানবন্দরে কাজের জন্য নেতিবাচক। পরীক্ষা করার অনুমতি নেই। রোগীরা কর্মস্থলে ফিরে আসে কারণ তারা দৃ diagnosis় নির্ণয়ে ডাব্লু / আউট সময় নিতে পারে না। অন্যান্য ইরক ডক্স একই জিনিস দেখছে।",270,269,0.9962962962962963,9,0,0,0,0,1
298,1235265562990637056,4352,16980,"ধীরে ধীরে, সমস্ত হিন্দু traditionsতিহ্য বিশ্ব গ্রহণ করবে। যোগব্যায়াম ইতিমধ্যে পারিবারিক ব্যবস্থা প্রয়োজন এবং নিরামিষবাদ সন্ত্রাসবাদের বিরুদ্ধে লড়াই করার সর্বজনগ্রাহ্য গ্রহণযোগ্যতা, কমিউনিস্টদের ঘৃণা ও গোঁড়ামির বিরুদ্ধে লড়াই করার জন্য বহুতাবাদ। অবৈজ্ঞানিক অব্রাহামিক নীতিগুলির সময় শেষ <<লিঙ্ক>",285,284,0.9964912280701754,8,0,0,0,0,0
299,1234835892159877121,6046,16669,কংগ্রেসের জরুরী করোনাভাইরাস তহবিল ফিজা অনুমোদনের সাথে বেঁধে রাখা উচিত নয়। আমাদের ন্যায়বিচার ব্যবস্থায় আমেরিকান জনগণের আস্থা ফিরিয়ে আনতে আমাদের অবশ্যই ফিসা সিস্টেমটি সংস্কার করতে হবে এবং নিশ্চিত করুন যে @ রিয়ালডোনাল্ড ট্রাম্পের কি হয়েছিল এবং ২০১ 2016 সালে তার প্রচার আবার কখনও ঘটেছিল না <<লিঙ্ক>,282,276,0.9787234042553191,25,0,0,0,0,0
300,1235037111239077889,3916,5914,"প্রাক্তন সদস্য ছানিয়েল, লে, সুহো এবং কাই কোরিয়া ভাইরাস প্রাদুর্ভাবের বিরুদ্ধে লড়াইয়ের জন্য কোরিয়া দুর্যোগ ত্রাণ সংস্থার আশা ব্রিজকে মিলিত ১ 170০ মিলিয়ন জনের অনুদান দিয়েছেন। covid19 @weareoneexo @layzhang ì ° ¬ì — ´ জাংজিক্সিং ìˆ˜í˜¸ ì — ‘ì †",246,232,0.943089430894309,23,0,0,0,0,1
301,1235001112735944705,3964,10478,প্রিয় @vp পেন্স: আপনি আমেরিকানদের কাছ থেকে কী লুকিয়ে আছেন? বিশেষজ্ঞরা করোনআউটব্রেক সম্পর্কে কী বলছেন তা আপনি কেন লোকেরা দেখতে এবং শুনতে দেবেন না?,158,155,0.9810126582278481,9,1,2,0,0,0
303,1235197302333149185,3720,7700,চেপে ধরুন - চীন কমিউনিস্ট পার্টি এখন করোনাভাইরাসউব্রেককে অস্বীকার করে চিনে উত্থিত? এটিই ভাইজিংয়ের বেইজিংয়ের বিপর্যয়মূলক অপব্যবহারের পরে বিশ্বব্যাপী স্বাস্থ্য সংকট দেখা দিয়েছে? অক্ষম ঠগ এবং মিথ্যাবাদী <লিঙ্ক> এর কী সংগ্রহ,236,234,0.9915254237288136,10,1,2,0,0,1
304,1235166676309676032,3270,5088,"বিশ্ব স্বাস্থ্য সংস্থা নিশ্চিত করেছে যে কোভিড -১৯ মৌসুমী ফ্লুর চেয়ে মারাত্মক, তবে সহজে সঞ্চারিত হয় না। করোনাভাইরাস প্রাদুর্ভাবের সর্বশেষ আপডেটগুলি এখানে পড়ুন।",179,179,1.0,6,0,0,0,0,1
306,1235409660104015873,12285,39239,"কার্পণ্য ভাইরাস মৃত্যুর হার ৩.৪% বলে মন্তব্য করে ট্রাম্প ক্ষোভ প্রকাশ করেছেন: ""আমি মনে করি ৩.৪% সংখ্যাটি আসলেই একটি ভুয়া সংখ্যা। এখন এটি কেবল আমার হানচ, তবে অনেক কথোপকথনের উপর ভিত্তি করে ... ব্যক্তিগতভাবে আমি বলতে চাই সংখ্যাটি 1% এর নিচে। বিস্ময়করভাবে দায়িত্বজ্ঞানহীন। <LINK>",265,264,0.9962264150943396,9,0,0,0,0,1
307,1234933752498921473,3478,10510,প্রিয় @ রিয়েলডোনাল্ড ট্রাম্প: কেন আমরা এখনও করোনাভাইরাসাসব্রেককে ধারণ করার জন্য প্রয়োজনীয় স্কেল পরীক্ষা করছি না? আপনার প্রশাসনের বোটেড টেস্টিং একটি নতুন প্রতারণা বলে সমালোচনা করার জন্য আপনি কি এখনও ক্ষমা চেয়েছেন? <LINK>,224,220,0.9821428571428571,8,1,2,0,0,0
309,1235234176414162944,2918,6677,"যদি সত্য হয় তবে @ রাষ্ট্রপরিচিত কর্মকর্তারা যারা আমাদের দূতাবাসের কর্মীদের অনাবৃত করতে করোনভাইরাস পরীক্ষা অস্বীকার করেছেন তাদের পদত্যাগ করা দরকার। এছাড়াও, @ হাউসফ্রাইগাইন কমিটিতে গত সপ্তাহে একটি অনুস্মারক, @secpompeo এই অস্বীকার করতে 6 বার অস্বীকার করেছিল যে করোনভাইরাসটি একটি প্রতারণা। <LINK>",247,238,0.9635627530364372,11,0,0,0,0,0
310,1235278295211618304,2923,7022,"করোনাভাইরাস নিশ্চিত হওয়ার কারণে লা সিটি এবং কাউন্টির জন্য জরুরি অবস্থা ঘোষণা করা হয়েছে। অ্যাঞ্জেলোনো প্রস্তুত করা দরকার, তবে আতঙ্কিত নয়। বিশেষজ্ঞদের পরামর্শ শুনুন। আপনি সর্বশেষ তথ্য এবং সুপারিশের জন্য @cdcgov এবং @lapublichealth অনুসরণ করছেন তা নিশ্চিত করুন। <LINK>",291,285,0.979381443298969,14,0,0,0,0,1
311,1235043647038443523,2909,4933,আমরা দণ্ডপ্রাপ্ত হয়. করোনভাইরাস কোভিড_19 ইউআরএল,64,39,0.609375,8,0,0,0,0,0
312,1234830346182709249,3079,4101,@ ওয়ালটশব দয়া করে এটি পুনরায় পোস্ট করুন। এটি গুরুত্বপূর্ণ তথ্য ভাগ করে নিয়েছে এবং সঙ্কটের সময়ে কীভাবে নেতৃত্ব দেওয়া যায় সে সম্পর্কে এটি একটি শ্রেণীর মধ্যে সিঙ্গাপুরের স্বাস্থ্যমন্ত্রী মি। গ্যান কিম ইয়ং করোনাভাইরাস করোনাভাইরাসুসেটেটস বর্ণনা করার একটি দুর্দান্ত উপায়,251,246,0.9800796812749004,14,0,0,0,0,0
313,1234887886354382849,2428,5981,b52questions 1. অভদ্র গ্রেপ্তার হয় না কেন? ২. হার্ভে রিকার্সে কেন নেই? ৩.কুচিনেলি এখনও কাজ করছে কেন? ৪. বার কি এখনও ছাড়ছে? ৫. ফ্লাইনকে কখন সাজা দেওয়া হয়? Who. যিনি পেনস এবং মিঃ র উপর নির্ভর করেন কার্নোভাইরাস সম্পর্কে বার্তা দিয়ে মিলার? Â. তারা কি খুশি / তাদের ছেলে?,277,275,0.9927797833935018,19,1,7,0,0,0
314,1234872254883909642,2397,2362,"বিশ্বব্যাপী, রিপোর্ট করা কোভিড ১৯ এর প্রায় ৩.৪% মারা গেছে। তুলনা করে, মৌসুমী ফ্লু সাধারণত আক্রান্তদের 1% এর চেয়ে অনেক কম হত্যা করে- @ ড্রটেড্রোস করোনাভাইরাস",163,160,0.9815950920245399,9,0,0,0,0,1
317,1237362407506313216,11242,22999,"আশ্চর্যজনক! দক্ষিণ কোরিয়া যা করছে তা সত্যই তাদের কোভিড 19 মহামারী বক্ররেখাকে নমন করছে। আজ শুধুমাত্র 131 নতুন কেস, ফেব্রে 909 বনাম। 29. এটি কেবল চীন নয়। এটি পরিষ্কারভাবে করা যেতে পারে। ইউআরএল ইউআরএল",227,186,0.8193832599118943,19,0,0,1,1,1
318,1237017804961804290,10901,59427,"আমার ছাত্ররা লক্ষ করেছে যে কোভিড -১৯ আমাদের দেখায় যে কীভাবে মার্কিন যুক্তরাষ্ট্রে এশীয়দের উপর কোনও ""স্বজাতীয় সাদা"" অবস্থান রাখে placed সর্বদা অস্থায়ী ছিল।",139,139,1.0,9,0,0,0,0,0
319,1237503474159452161,10758,42672,৫০ বছরের কম বয়সী যে কোনও ব্যক্তিকে বুঝতে হবে যে আমরা সম্ভবত কোভিড -১৯ থেকে মারা যাব না তবে আমরা একেবারে ভ্যাক্টর হয়ে থাকব যারা এই রোগটি বৃদ্ধ বয়সীদের মধ্যে ছড়িয়ে দিয়েছিলেন যারা মারা যাবেন * তাই আমাদেরও সতর্কতা অবলম্বন করতে হবে ।,236,236,1.0,6,0,0,0,0,1
320,1237448230381801475,10621,36478,তারা কর কাটেনি। তারা সংস্থাগুলি জামিন দেয়নি। তারা কেবল জনস্বাস্থ্য জরুরী আক্রমণ করেছে। অর্থনৈতিক পুনরুদ্ধার সক্ষম করার উপায় জনস্বাস্থ্যের উপর ফোকাস। URL টি,191,171,0.8952879581151832,8,0,0,0,0,1
325,1237109798971355137,10188,45407,দেখে মনে হচ্ছে করোনার ভাইরাসটি অ্যান্টিব্ল্যাক এবং URL URL এর সাথে ঠিক আছে,89,69,0.7752808988764045,6,0,0,0,0,1
326,1222318351357054976,10169,51891,চাইনিজ করোনার ভাইরাস ইউআরএল এর মতো হতে পারে,52,32,0.6153846153846154,5,0,0,0,0,0
327,1236967717535731712,9890,16485,ঠাণ্ডা / ফ্লু মৌসুমে কোভিড -১৯ হিট। আপনার ভাইরাস থাকতে পারে তা ভাবছেন? কোভিড 19 বনাম কোল্ড ভি ফ্লুতে এই চার্টটি সহায়ক: ইউআরএল,149,128,0.8590604026845637,5,1,1,0,0,1
328,1237165569457225728,9796,33912,"উত্তর আমেরিকান: * টয়লেট পেপার জমায়েত করা, হ্যান্ড স্যানিটাইজার * ফ্রান্সের গুণাবলী নিয়ে কৌতূহলপূর্ণভাবে বিতর্ক করছে: শেষ বারের মতো, কোকেন করোন ভাইরাস ইউআরএলকে প্রতিরোধ করে না",180,160,0.8888888888888888,52,0,0,0,0,1
330,1237513303720521728,9761,42514,ধর্মান্ধ বক্তব্য যা ভুল তথ্য ছড়িয়ে দেয় এবং এশিয়ানদের এবং এশিয়ান আমেরিকান সম্প্রদায়কে করোনভাইরাস হিসাবে দোষ দেয় আমাদের সকলকে কম নিরাপদ করে তোলে। @ জিপ্লেডারকে অবশ্যই এই টুইটটি মুছতে হবে এবং সঙ্গে সঙ্গে ক্ষমা চাইতে হবে। URL টি,221,200,0.9049773755656109,14,0,0,0,0,1
331,1236473220783636481,9740,22906,"থ্রেড: করোনাভাইরাসতে, আমরা ত্বকের ক্ষেত্রে একটি সময় প্রবেশ করতে পারি। দেশটি আগামী দুই সপ্তাহের মধ্যে খুব আলাদাভাবে দেখতে পারে। আমরা এর মধ্য দিয়ে যাব, তবে ভাইরাসের সুযোগ এবং প্রভাব সীমিত করতে এখনই পদক্ষেপ নেওয়া দরকার। নিজের সাহায্য করার জন্য এখন আমরা কিছু করতে পারি। 1 / এন",281,280,0.99644128113879,11,0,0,0,0,1
332,1237227416042364933,9697,26052,"যারা উদারপন্থী তাদের বাট প্লাগ উড়িয়ে দিয়েছিল যে লোকেদের করোনার ভাইরাস ডেকেছিল ওহান (যে এটির জন্য অপেক্ষা করুন ...) উওহানকোরোনাভাইরাস, এখানে ইতিহাসের রিফ্রেশার ... নম্বসকুলস ইউআরএল",214,192,0.897196261682243,13,0,0,0,0,0
333,1236837019336269826,9652,41935,সান ডিয়েগো হাসপাতালে কোভিড -১৯ পরীক্ষা করার জন্য গাইডলাইনগুলির সন্ধান পেয়েছে এবং তারা ... সত্যই খারাপ! পরীক্ষা করার জন্য রোগীর ঘনিষ্ঠ যোগাযোগ করতে হবে ডব্লিউ-র সংক্রমণ সম্পর্কে নিশ্চিত হওয়া বা সংক্রামিত জায়গায় ভ্রমণ করতে হবে। কিন্তু এটি সম্পূর্ণ অপর্যাপ্ত!,266,266,1.0,10,0,0,1,2,1
334,1237419307782393857,9320,82925,"La 57 লা লক্ষ্যে ভ্রমণ, ধন্যবাদ করোনার ভাইরাস URL টি",65,45,0.6923076923076923,7,0,0,0,0,1
336,1236101614181720069,9203,40318,"যারা একক দাতা স্বাস্থ্যসেবা ব্যবস্থাকে ""গ্রাহক পছন্দ"" হিসাবে অগ্রাধিকার দেয়, তাদের জন্য বুঝতে হবে যে আপনি যখন লোকদের স্বাস্থ্যসেবার অ্যাক্সেসকে তাদের কর্মসংস্থানের সাথে যুক্ত করতে বাধ্য করেন, আপনি আসলে তাদের স্বাধীনতা হরণ করেন এবং তাদের জীবনের অনিশ্চয়তা বাড়িয়ে তোলেন । ‡ ï¸ ইউআরএল",299,279,0.9331103678929766,5,0,0,0,0,0
337,1237453703466156034,9176,58483,"আমাকে মাত্র জানানো হয়েছে যে আমার কোভিড -১৯ ল্যাব ফলাফলটি নেতিবাচক ছিল। প্রচুর সাবধানতা অবলম্বনে, আমি বৃহস্পতিবার দুপুর ২ টার মধ্যে চিকিত্সা পেশাদারদের পরামর্শে স্ব-সঙ্গতিতে থাকব। আমি ভাল লাগছে এবং কোন লক্ষণ দেখায় না।",239,239,1.0,10,0,0,0,0,1
338,1237399797734223873,9041,108625,ইউআরএল নয় কেন করোনার এই ফ্লাইটগুলি নরক হিসাবে সস্তা,70,50,0.7142857142857143,5,0,0,0,0,1
339,1237492257458204673,8991,13037,"Š “rance ফ্রান্স, স্পেন এবং জার্মানি কোভিড 19 অগ্রগতিতে ইতালি পিছনে প্রায় 9 থেকে 10 দিন অবধি রয়েছে; যুক্তরাজ্য এবং আমরা 13 থেকে 16 দিন অনুসরণ করি। ইটালিতে আমরা খুব দীর্ঘ অপেক্ষা করেছি, এই দেশগুলিকে এখনই আক্রমণাত্মক নিয়ন্ত্রণের ব্যবস্থাগুলি বাস্তবায়ন করা উচিত। URL টি",273,252,0.9230769230769231,18,0,0,0,0,1
340,1236100103917756416,8780,69693,"করোনার ভাইরাস প্রো টিপ: আপনি যদি ভোদকার সাথে অগ্ন্যুত-সি মিশ্রিত করেন তবে আপনি আক্ষরিকভাবে অসুস্থ হতে পারবেন না, এটি আসলে বিজ্ঞান",108,108,1.0,8,0,0,0,0,1
342,1237249222442807296,8558,27105,"""ইস্রায়েল সমস্ত বিদেশী আগতদের জন্য দুই-সপ্তাহের কোয়ারানটিন বাধ্যতামূলকভাবে ঘোষণা করে â"" ইস্রায়েল বাজি রাখতে চান তাদের দেশে কোনও মহামারী নেই? সীমানা একটি দুর্দান্ত জিনিস। করোনভাইরাস ইউআরএল",211,190,0.9004739336492891,11,1,1,0,0,1
343,1236615342736076801,8494,43198,ন্যান্সি বিনে বিগত বছরগুলিতে সবচেয়ে উন্নত রাজনীতিবিদ। তার অন্ধকার ত্বকে যে মজা করেছে তারা এখনই শ্বাসরোধ করতে পারে। URL টি,140,120,0.8571428571428571,10,0,0,0,0,0
344,1236739714897473536,8493,27912,করোনাভাইরাসকে সামনে রেখে সেন জোশ হাওলি আমাদের চিকিত্সা সরবরাহের উত্পাদন ও বিতরণের জন্য চীনের উপর মার্কিন যুক্তরাষ্ট্রের নির্ভরতা শেষ করার জন্য একটি বিল প্রবর্তন করেছিলেন। URL টি,193,172,0.8911917098445595,12,0,0,0,0,1
345,1236937893798707201,8265,14733,"আমি কোভিড -১৯ এর বিস্তারিত তথ্য চেয়েছিলাম, তবে মিডিয়ার পক্ষপাতিত্ব ছাড়া সংখ্যার সন্ধান করতে আমার খুব কষ্ট হয়েছিল। আমি নিজে এটি সংগ্রহ করেছি এবং এখানে ভাগ করছি। এই থ্রেডে: - ইনকিউবেশন সময় - উপসর্গ সংঘটন - সংক্রমণ হার - প্রথম 20 তারিখ এবং অবস্থান অনুসারে আমাদের কেস (অবিরত)",271,271,1.0,13,0,0,0,0,1
346,1236269496878366726,8237,16038,সত্যিকারের প্রশংসনীয় বিশ্লেষণ: উচ্চ বীমা সংস্থাগুলির সংখ্যার সংমিশ্রণের কারণে অনেক ডাব্লু / ও অসুস্থ ছুটি পেয়েছে এবং এমন একটি নেতৃত্ব যা দেশকে প্রস্তুত না করার সময় চ্যালেঞ্জকে পরাভূত করেছে এমন এক নেতৃত্বের কারণে আমরা কর্নাভাইরাসে অনেক দেশের চেয়ে বেশি ঝুঁকিপূর্ণ। URL টি,271,250,0.922509225092251,6,0,0,0,0,1
347,1236839326916341760,8066,30711,"কার কাছে এটি শুনতে হবে তা আমি জানি না তবে অ্যালবার্টা ইর বা হাসপাতালে করা সমস্ত শ্বাস প্রশ্বাসের জন্য কোভিড 19 টেস্টিং যুক্ত করেছেন। সুতরাং আপনি যদি ফ্লু খুঁজছেন, আপনি কোভিড ১৯-তে একটি উত্তরও পাবেন। ইমো মানক হওয়া উচিত ho",224,222,0.9910714285714286,21,0,0,0,0,1
348,1221825190847483907,7923,18853,"উপন্যাস করোনভাইরাস বিরুদ্ধে একটি অ্যান্টিভাইরাল স্প্রে শঙ্ঘাই জনস্বাস্থ্য ক্লিনিকাল সেন্টারে বিকাশ পেয়েছে, যা ভাইরাস থেকে ieldাল হিসাবে গলায় রাখা যেতে পারে। স্প্রেটি ফ্রন্ট-লাইনের চিকিত্সা কর্মীদের রক্ষা করতে ব্যাপক সাহায্য করতে পারে, তবুও জনসাধারণের ব্যবহারের জন্য ভর-উত্পাদন বর্তমানে পাওয়া যায় না। URL টি",299,278,0.9297658862876255,11,0,0,0,0,1
350,1237107071947948032,7862,28640,কেউ কি ব্যাখ্যা করতে পারেন যে সিপ্যাক অংশগ্রহণকারীদের সংস্পর্শে আসা লোকেরা করোন ভাইরাস পরীক্ষা না করে কেন স্বতঃসংশ্লিষ্টতা করছেন? আমরা এখনই জানতে চাই না যদি অংশ নেওয়া এখনকার সাথে কারও সাথে ভাইরাস আছে কি না? URL টি,254,233,0.9173228346456693,16,1,2,0,0,1
351,1236906182796644353,7655,31593,"একটি এস এ কোভিড -১৯ এর প্রতিক্রিয়া সম্পর্কে কোরিয়ান সরকার ব্রিফিং: ""সরকার ব্যয়গুলি ব্যয় করে ব্যয় করার পরিবর্তে সম্পর্কিত পরীক্ষা ও চিকিত্সার জন্য আর্থিক ব্যয় coveringাকবে। সরকার আরোপিত পৃথক পৃথকীকরণের ফলে লোকসানের জন্য চিকিত্সা সুবিধাদিও ফিরিয়ে দিচ্ছে। """,277,277,1.0,10,0,0,0,0,1
352,1236718775099064320,7557,47975,পাসপোর্ট টুইটার করোনার আঘাতের পর থেকে চুপ করে আছে। আপনার অর্থ জর্দানগুলিতে ব্যয় করা উচিত ছিল,80,80,1.0,0,0,0,0,0,1
353,1237503494325559296,7450,9118,"একচেটিয়া ন্যাডিন ডরিস, একজন স্বাস্থ্যমন্ত্রী, তিনি গত সপ্তাহে ওয়েস্টমিনিস্টারে রয়েছেন, করোন ভাইরাস নির্ণয়ের জন্য প্রথম এমপি হয়েছেন, কয়েকশ লোকের সাথে দেখা করেছেন, এবং বৃহস্পতিবার ইউআরএলে বরিস জনসনের দ্বারা আয়োজিত 10 নম্বরের সংবর্ধনা অনুষ্ঠানে যোগ দিয়েছেন।",255,235,0.9215686274509803,24,0,0,0,0,1
354,1237514979881844737,7409,17524,একটি ðŸ˜ðŸ ¥ ´ URL টি ইউআরএল প্রদর্শন করুন,66,26,0.3939393939393939,10,0,0,0,0,0
356,1236253902242226176,7320,29736,করোনার ভাইরাস ভীতি URL এর কারণে আমার রাউন্ড ট্রিপ বিমানের টিকিটের জন্য .3 00.38 প্রদানের পরে আমি ফ্রান্সে পৌঁছেছি,131,111,0.8473282442748091,6,0,0,0,0,1
357,1236505833673879552,7227,69135,"আমার প্রিয় শিক্ষার্থীদের কাছে: রিজলে কোভিড -১৯ ভাইরাসের নিশ্চিত হওয়ার কারণে, 20 মার্চ আপনাকে পান্ডুলিপিটি পাস করতে হবে তবে বাড়িতে থাকতে হবে এবং স্বতন্ত্রভাবে কাজ করতে হবে। পুনশ্চ. শিক্ষক হিসাবে আপনার গ্রেডের চেয়ে আপনার জীবন আরও মূল্যবান। আমি আমার অংশটি করব।",279,279,1.0,13,0,0,0,0,1
358,1237219150931599362,6924,28680,"কেভিন ম্যাকার্থি করোনার ভাইরাসকে চাইনিজ বলছেন এমন একটি বর্ণবাদী চালচলন যা জনস্বাস্থ্যের ইস্যুতে এমন কিছু তৈরি করা যা ""অন্য"" -এর জন্য দোষারোপ করা যেতে পারে - স্কুলগুলিতে এপিআই বাচ্চারা ইতিমধ্যে ভাইরাস থাকার বিষয়ে তিরস্কার করা হচ্ছে - প্রজাতন্ত্রের ""নেতৃত্ব"" এটাই একটি সত্য বিপদ আমাদের সকলের কাছে",272,272,1.0,8,0,0,0,0,1
359,1236064273186672640,6839,41308,যদি এই করোনাকে ভয় দেখাতে না পারে তবে শীঘ্রই ইমাকে হস্তক্ষেপ করতে হবে,62,62,1.0,2,0,0,0,0,0
360,1236535783605121026,6735,10876,"থ্রেড: শুক্রবারের জানুয়ারী, জানুয়ারী, জানুয়ারী 31, 2020, করোনভাইরাসটি আনুষ্ঠানিকভাবে অন্যান্য দেশে ছড়িয়ে পড়েছে এর কয়েক সপ্তাহ আগে (যা খারাপ স্টক মার্কেট সপ্তাহের ফেব্রুয়ারি 24-ফেব 28 এর দিকে পরিচালিত করেছিল), ট্রাম্প প্রশাসক চীনায় ভ্রমণ নিষেধাজ্ঞাগুলির ঘোষণা করেছিলেন। এটি উত্পন্ন উত্সাহ প্রতিবেদন কিছু। 2/4/20 এর পলিটিকো নিন।",279,278,0.996415770609319,17,0,0,0,0,1
361,1236887326753574912,6681,33156,"কোভিড -১৯ নির্ধারণকারী হাসপাতালগুলি দেখুন look ম। লুকের, কার্ডিনাল, মাকতি মেড, মেডিকেল সিটি। কোভিড -১৯ শুধুমাত্র খাঁটি স্বাস্থ্য সমস্যা নয়। শক্তিশালী শ্রেণীর সমস্যাও রয়েছে। সমৃদ্ধ, কোভিড কেবল দুর্বল, কাশি এবং গলা ব্যথা।",232,232,1.0,26,0,0,0,0,1
362,1237156303304302592,6675,23060,"আজ রাতে আমরা একটি গুরুত্বপূর্ণ প্রান্তিকতা অতিক্রম করেছি: @cpac 9 দিন আগে শেষ হয়েছে। বিশেষজ্ঞদের মতে আমরা পরামর্শ নিয়েছিলাম যে সময় নির্ধারণের ক্ষেত্রে কোনও নতুন করোনার কেস নেই এবং উপস্থিতি উপস্থিতিদের কোনও উপসর্গই একটি বিশাল টার্নিং পয়েন্ট নয়। একটি হোটেলে 10,000 এরও বেশি ভাইরাস উপস্থিত এবং কেউ ইতিবাচক নয় is D D »D D» D ºð ¸",283,283,1.0,14,0,0,0,0,1
363,1236766822684405766,6584,48824,আমাদের দোকানের কাছাকাছি কাউকে যদি করোনার ভাইরাস থেকে আলাদা করে নিতে হয় এবং উপকারে থাকে তবে আমি দু'সপ্তাহের খাবারের পার্সেল একসাথে রাখব যা আপনার দরজায় পৌঁছে দেওয়া হবে।,166,166,1.0,2,0,0,0,0,0
364,1237478365638074374,6534,20400,আশ্চর্যজনক! কিগালি বাস পার্কের যাত্রীদের প্রতিরোধ এবং ঝুঁকি হ্রাস করোন ভাইরাস প্রাদুর্ভাব হিসাবে বাসে উঠার আগে তাদের হাত ধুতে হবে। রুয়ান্ডা ইউআরএল,183,161,0.8797814207650273,12,0,0,1,1,1
365,1237107445685772289,6508,23997,অন্য কেউ খেয়াল করে যে কোভিড -১৯ ইমপিচমেন্ট ব্যর্থ হওয়ার সাথে সাথেই পপ আপ হয়ে গেছে?,94,94,1.0,6,1,1,0,0,1
367,1236840007480020992,6373,28063,"জিকা, ইবোলা, লাইম ডিজিজ, জার্মান হাম, স্প্যানিশ ফ্লু, রেস্টন ভাইরাস, ওয়েস্ট নাইল ভাইরাস, হং কং ফ্লু কি সব ঠিক আছে? URL টি",147,127,0.8639455782312925,12,1,1,0,0,0
368,1237349518359724032,6353,26342,"মাত্র দু'মাস আগে, তাল আগ্নেয়গিরিটি উদয় হচ্ছিল, এতে প্রচন্ড ভয় ও দুর্ভোগের জন্ম হয়েছিল। আজ, শান্তিতে তালের রাজত্ব, আমাদের স্মরণ করিয়ে দিচ্ছে যে কোভিড -১৯ এর প্রাদুর্ভাবও আসবে এবং যাবে এবং সামাজিক সংহতি দিয়ে আমরা একটি জাতি হিসাবে আরও শক্তিশালী হয়ে উঠতে পারি। টমাস টিরোনার ইউআরএল ðŸ “।",290,270,0.9310344827586207,17,0,0,0,0,1
369,1236951328783388672,6351,23901,"কিছু অনিয়ম ডাব্লু / এফএফ ব্যবহার দেখেছি। নিবন্ধগুলিতে, স্পষ্টতা জানাতে: rs সরস-কোভ -২ (গুরুতর তীব্র শ্বাসযন্ত্রের সিন্ড্রোম করোনভাইরাস 2) ভাইরাস is ov কোভিড -19 (করোনভাইরাস রোগ 2019) এই রোগ। অতএব, সরস-কোভ -২ কোভিড -১৯ এর কারণ। তবুও, নিরাপদে থাকুন। D D »",285,284,0.9964912280701754,32,0,0,0,0,1
370,1236754358886371328,6314,22763,"আমরা ফিরে তাকাতে এবং উদ্বেগ এবং আতঙ্ক ক্রয় সম্পর্কে সত্যিই নির্বোধ বোধ করতে যাচ্ছি। কোভিড ১৯ আসলেই সংক্রামক এবং মারাত্মক বিপজ্জনক নয়, যদি না আপনি ইতিমধ্যে স্বাস্থ্যের সাথে আপস করেন বা এক জায়গায় টন দূষণের সাথে বাস করেন না। এটি একটি বিশাল অত্যধিক প্রতিক্রিয়া।",264,263,0.9962121212121212,6,0,0,0,0,1
371,1237440523327045632,6228,52076,করোনার একটি কালো আলো এবং আমেরিকা একটি বাঁধা হোটেল ঘর,63,63,1.0,2,0,0,0,0,0
372,1236576408471822336,6123,7299,দুই সপ্তাহের অসুস্থ বেতন: 188.50 আপনি যদি থাকতেন তবে যা পাবেন: what ‡ ¦ðŸ ‡ ustআস্ট্রিয়া ust 574.70 ðŸ © © ðŸ ªgermany £ 574.70 ðŸ ¸ðŸ ¸ðŸ wedswenen â 9 459.76 ± ³ðŸ ³ðŸ ‡ ± herspain â 2 242.39 uk ‡ ªðŸ ain ainspain â 1 241.37 ইউকেতে বিধিবদ্ধ অসুস্থ বেতনের বেতন বেঁচে থাকার পক্ষে যথেষ্ট নয় । আরটি যদি আপনি চান ভদ্র sick,321,317,0.9875389408099688,27,0,0,0,0,1
373,1237107865325834246,6105,48071,"সত্যিকার অর্থে এখানে বিভ্রান্ত: সম্ভাব্য কোভিড -১৯ এক্সপোজারের কারণে আমাদের কংগ্রেসের তিন সদস্য প্রফিল্যাটিকভাবে স্ব-কোয়ারান্টিনিং রয়েছে, তবে তাদের কি পরীক্ষা করা হচ্ছে না? তাদের পরীক্ষা করা উচিত বলে মনে হচ্ছে, তাই না?",203,203,1.0,3,1,2,0,0,1
374,1237238011642793984,6014,21503,"দয়া করে জেনোফোবিয়ার বিরুদ্ধে লড়াইয়ে সহায়তা করুন: ১. কোভিড -১৯ ""চাইনিজ করোনভাইরাস"" বা ""উহান ভাইরাস"" কল করবেন না ২. এশীয় লোক বা ব্যবসা থেকে দূরে থাকবেন না 3.. মিডিয়াতে বর্ণবাদকে কল করুন যখন আপনি এটি দেখছেন (কোভিডের গল্পগুলি কোনও এশীয় ব্যক্তির ছবি, টিভিএম) ইউআরএল রাখার দরকার নেই",281,261,0.9288256227758007,23,0,0,0,0,0
375,1236709853126627337,6010,10866,এই থ্রেড এবং rt পড়ুন। দুর্দান্ত পরিপ্রেক্ষিত আপনি মিডিয়া থেকে শুনতে পাবেন না। URL টি,99,79,0.797979797979798,6,0,0,0,0,0
376,1236448518585319424,5994,30209,তবে আমি ভেবেছিলাম ট্রাম্পকে আঘাত করার জন্য করোনার ভাইরাসটি কি কেবল একটি গণতান্ত্রিক প্রতারণা? গল্পটি নৈতিক: বিজ্ঞান এবং প্রকৃতি আপনার কোন দলের অন্তর্গত তা জবাব দেয় না। URL টি,180,160,0.8888888888888888,12,1,1,0,0,1
377,1237391701775249408,5975,12709,"কোভিড -১৯ নামজুনকে রাগান্বিত ও দু: খিত করছে কারণ সে কর্মীকে তাই দেখতে পাচ্ছে না, আমার নির্দেশনা রয়েছে: ইউআরএল",116,96,0.8275862068965517,6,0,0,0,0,0
378,1237430016478191619,5974,22594,"আপনি যদি ভাবছেন যে কেন এটি একগুচ্ছ বয়স্ক এলজিবিটিকিউ লোকেরা করোনার ভাইরাসকে গুরুত্বের সাথে গ্রহণ করার জন্য লোকদের প্রতি আহ্বান জানাতে চাইছে এবং কেবল টানছে না কারণ আপনি মনে করেন যে কেবল বৃদ্ধ এবং অসুস্থই মারা যাবেন, আমি এখানে এসে মনে করিয়ে দিচ্ছি যে তারা ইতিমধ্যে এই ধরণের দেখেছিল কর্মে অলসতা।",273,273,1.0,9,0,0,0,0,0
380,1237497416862986241,5889,18987,"আমরা করোনার ভাইরাস এবং নিগাজের জন্য ছিনতাই, মিশিগান একটি ভাল প্লাম্বার প্রেরণ করতে পারি না all",95,95,1.0,3,0,0,0,0,0
381,1236678669768093701,5827,22874,"এক দিনের ক্লাস / কাজ স্থগিতের প্রভাব কী? কিছুই নেই। পরিবর্তে: ১. কোভিড -১৯ এর ক্ষেত্রে ক্ষেত্রগুলি প্রকাশ করুন ২. ভাইরাসের ইনকিউবেশন পিরিয়ড 1-2 সপ্তাহ হয় সুতরাং আমাদের 14 দিনের জন্য ক্লাস / কাজ স্থগিত করা উচিত ৩. ভবন, স্কুল, রাস্তা ছাড়াই স্যানিটাইজ করা উচিত",276,275,0.9963768115942029,13,1,1,0,0,1
382,1237310167814791168,5809,6763,এটি আত্মহত্যার মতো তবে হারাম অংশটি ইউআরএল-এর মতো বিয়োগ,73,53,0.726027397260274,9,0,0,0,0,0
383,1237460460749766657,5758,32786,"কোভিড -19-র প্রথম সিলিকন উপত্যকার মৃত্যুর ঘটনাটি ছিল তাঁর 60 এর দশকের এক মহিলা। আমার বাবা-মা দুজনেই তাদের বয়স 60 এর দশকে। আপনি যদি যুবক হিসাবে আন্তর্জাতিকভাবে ভ্রমণ করতে এবং সামাজিকভাবে দায়িত্বজ্ঞানহীন হতে চান, ""এটি কেবল ফ্লু"" বা ফ্লাইটগুলি সস্তা তবে আপনি কেবল একটি অনিচ্ছাকৃত ব্রাট।",279,279,1.0,10,0,0,0,0,1
384,1237068715314892802,5633,11629,যুগান্তকারী: ক্লোরোকুইন ফসফেট - একটি পুরাতন অ্যান্টি-ম্যালেরিয়া ড্রাগ - ক্লিনিকাল স্টাডিতে কোভিড -19 সম্পর্কিত নিউমোনিয়ার চিকিত্সায় আপাত কার্যকারিতা দেখিয়েছে। ক্লোরোকুইন রোগীদের অ্যান্টি-ভাইরাল এবং অ্যান্টি-ইনফ্ল্যামেটরি সুবিধা উভয়ই সরবরাহ করে,241,241,1.0,19,0,0,0,0,1
385,1237395939171561472,5626,25469,আমি জানি এই মুহুর্তে সবাই কোভিড -১৯ সম্পর্কে প্রকাশ করছে তবে বিশ্বকে একটি কম ভীতিজনক জায়গার মতো করে দেওয়ার জন্য এখানে কয়েকটি ফ্যাব নিউজ রয়েছে। URL টি,157,137,0.8726114649681529,12,0,0,0,0,0
386,1237404677307760640,5554,11000,ইবোলা একটি 50% মৃত্যুর হার আছে। আপনি যদি সংক্রামিত হন তবে আপনি সম্ভবত মারা যান। কোভিড -১৯ এর মৃত্যুর হার 3..৪%। স্পষ্টতই ইওলা'-এর মতো খারাপ নয় তবে এটি মৌসুমী ফ্লু ইউআরএল ইউআরএল থেকে 34x পর্যন্ত বেশি মারাত্মক করে তোলে,247,207,0.8380566801619433,14,0,0,0,0,1
387,1236932313642143745,5514,13003,আপনার মধ্যে অনেকে / আমাকে জিজ্ঞাসা করেন কেন আমি কোভিড -১৯ এর প্রাদুর্ভাবকে এত গুরুত্ব সহকারে নিই না। বর্তমান মামলা এবং মৃত্যুর সংখ্যা * কেন * নয়। ðŸ ‘why আমি কেন উদ্বিগ্ন এবং এই পরিস্থিতিতে আমি ব্যক্তিগতভাবে কী করি তার একটি থ্রেড।,198,198,1.0,11,0,0,0,0,0
388,1236289649737371648,5415,15468,আতঙ্ক ক্রয় এবং টয়লেট রোল মজুদ করা অবিরত। এই হ্যাম্পশায়ারের farnborough কস্টকো এ দৃশ্যগুলি। করোনভাইরাস টয়লেটপেপারনিক প্যানিকউইং ইউআরএল,189,166,0.8783068783068783,13,0,0,0,0,1
389,1237501242567544835,5408,12578,"প্রত্যেকে কোভিড 19 এর বিস্তার রোধ করতে সহায়তা করতে পারে। আপনার লক্ষণগুলি বিকশিত হলে, কোভিড -১৯ হিসাবে পরিচিত ব্যক্তির সাথে ঘনিষ্ঠ যোগাযোগ থাকলে বা সম্প্রতি কোভিড -১৯ এর বিস্তৃত বা চলমান সম্প্রদায়ের ছড়িয়ে পড়া অঞ্চল থেকে ভ্রমণ করেছেন এমন ক্ষেত্রে আপনার ডাক্তারকে কল করুন। ইউআরএল ইউআরএল",301,259,0.8604651162790697,26,0,0,0,0,0
391,1237270988334592001,5280,9924,বিরতি: স্বাস্থ্য বিভাগ কোভিড 19 এর আরও 11 টি নিশ্চিত কেস ঘোষণা করেছে। কেস এখন পিএইচ মধ্যে 35 এ। | @raphbosano করোন ভাইরাস URL এর মাধ্যমে,155,133,0.8580645161290322,25,0,0,0,0,1
392,1237477595916251137,5241,22115,"কেন তারা টিউব স্টেশনগুলি পরিষ্কার করার আগে ভাইরাসের হুমকি নিয়েছে ?? প্রতি সপ্তাহে ট্রেনগুলি পরিষ্কার করা উচিত, সিটগুলিতে সাহারা মরুভূমির চেয়ে বেশি ধুলাবালি রয়েছে। URL টি",189,169,0.8941798941798942,8,1,2,0,0,1
393,1236936132715143168,5151,11692,কোভিড 19 এর এখন 10 টি নতুন নিশ্চিত হওয়া মামলা রয়েছে। দোহ অনুসারে এখন 20 এ মোট | @kristinesabillo URL এর মাধ্যমে,130,109,0.8384615384615385,16,0,0,0,0,1
394,1237138362261258244,5151,12294,"কেন আমাদের উপর সিডিসির ডেটা অন্যান্য সংস্থাগুলিতে (কে সহ) পিছিয়ে আছে? প্রবীণ আমেরিকানরা উড়বে না, এবং সেই সাদা সুপারিশটি সেই প্রস্তাবটি প্রচার করা থেকে সিডিসিকে অবরুদ্ধ করেছে যে আমরা কেবল একটি রিপোর্ট করা সিডিসির পরামর্শ সম্পর্কে এপি থেকে শিখছি? URL টি",278,258,0.9280575539568345,24,1,2,0,0,1
395,1236601634454528000,5060,19033,"শুধু ম্যানিলাই নয়, সব এনসিআর এল, মেয়রও কি হতে পারে? এক শহর থেকে অন্য শহরে ভ্রমণকারী শিক্ষার্থীদের কল্পনা করুন, বিভিন্ন লোকের দেখা হচ্ছে। এটা সম্ভব যে সেখানে কোভিড -১৯ রয়েছে এমন লোকেরা তাদের অজান্তেই রয়েছে। আমাদের সবার মুখোশও ভাল নয়। প্রবেশ নিষেধ",279,278,0.996415770609319,7,1,1,0,0,0
396,1237204103970689026,5040,9246,রাষ্ট্রপতি আমাদের এটি দেখতে পাবে না। সে কী লুকিয়ে আছে? স্থগিত গোয়েন্দা প্রতিবেদন মহামারী বিপদ সম্পর্কে সতর্ক করেছে | সময় â ¦ @ odnigovâ © করোনভাইরাস URL,170,149,0.8764705882352941,18,1,1,0,0,1
397,1237015260571168768,5009,10406,"ঠিক এতে: কোভিড ১৯ ওয়ালাংপাশক ইউআরএলের হুমকির মধ্যে প্রেসিডেন্ট ডুটারে 10 মার্চ থেকে 14 মার্চ, 2020 পর্যন্ত মেট্রো ম্যানিলার সমস্ত স্তরের ক্লাস স্থগিত করেছে",166,144,0.8674698795180723,20,0,0,0,0,1
398,1236848918849294336,4911,14981,স্বতঃসংশ্লিষ্ট করোন ভাইরাস ইউআরএল,52,31,0.5961538461538461,2,0,0,0,0,0
400,1237503272555909120,4882,4216,চীনের বাইরে নিশ্চিত কোভিড ১৯ টি মামলার আপডেট: করোনা ভাইরাস কারোনাভাইরাস কোভিড,196,166,0.8469387755102041,21,0,0,0,0,1
401,1236181131147522049,4843,30524,টয়লেট পেপার পুরোপুরি সুপারমার্কেটে বিক্রি হয়েছে? আপনি কি করোনার আগে নিজের পাছা মুছতে পারেননি?,93,93,1.0,2,1,1,0,0,1
402,1236751849769676801,3559,6481,"আমাদের ফার্মাসা গিলিয়াড, যা সবচেয়ে প্রতিশ্রুতিবদ্ধ কোভিড -১৯ ভ্যাকসিনের মালিক, ""মহামারী স্টক বিক্রয়"", এটি $ 50-100 / ব্যক্তির জন্য বিক্রয় করার প্রস্তুতি নিচ্ছে এবং চীনা সরকারকে অ্যাক্সেস অস্বীকার করার জন্য আইনি লড়াইয়ে প্রস্তুত রয়েছে, কারণ চীন ভ্যাকসিনটি বিনামূল্যে তৈরি করুন এবং এটি বিশ্বব্যাপী দক্ষিণ ইউআরএল URL এ প্রেরণ করুন",328,288,0.8780487804878049,20,0,0,0,0,1
403,1236817440606056448,3500,9461,"ব্রেকিং নিউজ: কুইজন সিটিতে কোভিড ১৯ এর একটি নিশ্চিত ঘটনা রয়েছে, মেয়র আনন্দের বেলমন্টের মতে। রায় ক্যাপুলং, অ্যাবস-সিবিএন নিউজ ইউআরএল",145,124,0.8551724137931035,35,0,0,0,0,1
404,1237283622589206530,3498,5296,"ইটালিতে আমরা একটি ভয়ানক ভুল করেছি সবাই বলে ""এটি কেবল একটি ফ্লু"" এবং এখন আমাদের নিবিড় যত্ন ইউনিটগুলি ভেঙে পড়ছে। আমাদের দাদা-দাদি এবং বাবা-মা, আমাদের বন্ধুরা মারা যাচ্ছে, দয়া করে পাঠ শিখুন। এখন আছেন! করোনভাইরাস করোন ভাইরাসউইটব্র্যাক",275,270,0.9818181818181818,9,0,0,1,1,1
405,1236490588276523008,3496,18368,আমরা সম্ভাব্য করোনার ভাইরাস প্রাদুর্ভাবের আলোকে জনস্বাস্থ্য স্বার্থকে অগ্রাধিকার দেওয়ার জন্য সরকারি যোগাযোগ সংস্থাগুলিকে আহ্বান জানাই। বেনিস ইউআরএল,164,143,0.8719512195121951,7,0,0,0,0,0
406,1237611886905937920,3470,31702,আপনার হোমিজের চারপাশে একটি মেয়েকে নিয়ে এসেন এবং হঠাৎ তারা করোনভাইরাস কোভিড -১৯ কল করা শুরু করে,99,99,1.0,5,0,0,0,0,0
407,1236833678380027904,3469,4400,"প্রাক্তন সদস্যরা দানকৃত পরিমাণ যোগ করে করোনায় ক্ষতিগ্রস্থ 19 জনকে সাহায্য করার জন্য প্রাক্তন বাখিউন 50 মিলিয়ন উইন দান করেছেন, তারা মোট 220 মিলিয়ন ওন দান করেছেন !! exo ° ° ± í˜ „@Weareoneexo URL",227,205,0.9030837004405287,25,0,0,1,2,1
408,1236766442571337729,3462,34978,করোনার আমার প্রয়োজনীয় তেল মা'র বিরুদ্ধে কোনও সুযোগ নেই।,51,51,1.0,6,0,0,0,0,1
409,1236973525866602496,3457,10240,"ডেমোক্র্যাটরা বলেছেন ট্রাম্প আমাদের অর্থনীতিতে ব্যর্থ হয়েছেন এবং তবুও আমাদের কাছে বিশ্বের সেরা অর্থনীতি রয়েছে। তারা বলছেন যে তিনি তাঁর কোভিড -১৯ প্রতিক্রিয়াতে ব্যর্থ হয়েছেন, এবং এখনও আমাদের বিশ্বে প্রতি মিলিয়ন সংক্রমণ সবচেয়ে কম। তারা জয়কে হারানো এবং হারানো জয়কে ডাকে।",252,252,1.0,11,0,0,0,0,1
410,1236321657096032256,3446,6099,এইভাবে করোনভাইরাসটি কোভিডে ছড়িয়ে পড়ে 2019 করোন ভাইরাস প্রাদুর্ভাব URL,90,68,0.7555555555555555,12,0,0,0,0,0
412,1237070550679379968,3406,11428,"প্রতি এপি হিসাবে, জার্মানিতে করোন ভাইরাস সংক্রান্ত 1,100 টিরও বেশি কনফার্ম হওয়া হয়েছে, তবে এখন পর্যন্ত মাত্র দু'জন মারা গেছেন say বিশেষজ্ঞরা বলেছেন, দ্রুত পরীক্ষা করার ফলে আক্রান্তদের আরও নির্ণয় করা হয়েছিল এবং দেশটি ভাইরাস সংক্রমণ এবং প্রস্তুত করার সুযোগ দিয়েছে।",253,252,0.9960474308300395,6,0,0,0,0,1
413,1237235176452706304,3382,18849,"কোভিড -১৯-এর সাথে লড়াই করার জন্য আমাদের প্রয়োজনীয় সমস্ত সরঞ্জাম এখনও আমাদের কাছে নেই। এটি চিকিত্সা করার পক্ষে গুরুত্বপূর্ণ পদক্ষেপ, আমরা ভ্যাকসিন এবং ডায়াগনস্টিকগুলিও অন্বেষণ করি। আমাদের সাথে এই প্রচেষ্টা শুরু করার জন্য @ ওয়েলকামস্ট্র এবং @ মাস্টারকার্ডকে ধন্যবাদ জানাই। URL টি",260,240,0.9230769230769231,12,0,0,0,0,1
414,1237412870192640005,3379,4860,আমাদের কীভাবে সম্ভাব্য কোভিড -১৯ কেসের কাছে যাওয়া উচিত? দোহ-পিএসমিড টাস্কফোর্সের 09 মার্চ 2020 নির্দেশিকাগুলির ভিত্তিতে আমি এখানে একটি ইনফোগ্রাফিক তৈরি করেছি। আশা করি আমরা ক্রমবর্ধমান হুমকির মুখোমুখি হওয়ায় এটি আমাদের এইচসিপিএস সহায়তা করে। সবাই নিরাপদে থাকুন URL টি,244,224,0.9180327868852459,24,1,1,0,0,0
415,1237219650456489984,3376,8663,"মিডিয়া কর্নাভাইরাস পেয়ে রক্ষণশীলদের উদযাপন করছে। সিপ্যাক ২০২০ তে করোনাভাইরাসের 1 টি মামলা সম্পর্কে 5,000 টিরও বেশি নিবন্ধ লেখা হয়েছে। যদি এটি একটি বামপন্থী সম্মেলন হত তবে মিডিয়াগুলি এটি স্পর্শ করতে পারত না। রক্ষণশীলদের উপর আক্রমণ করা মিডিয়া এটির একটি প্রধান উদাহরণ।",276,274,0.9927536231884058,12,0,0,0,0,1
416,1237305169932472320,3349,4482,পিএভিচ কোভিড ১৯ এর সমস্ত নতুন কেস ফিলিপিনো এখানে সমস্ত 33 টি মামলার তথ্য রয়েছে information @raphbosano URL- এর মাধ্যমে,124,103,0.8306451612903226,16,0,0,0,0,1
419,1237361576480473088,3276,2737,করোনাভাইরাস পরীক্ষা করার জন্য আপনার যদি এখনও কোনও ধারণা না থাকে তবে এটি পুনঃটুইট করুন।,78,77,0.9871794871794872,1,0,0,0,0,0
420,1237130970396078084,3274,17334,করোনার ভাইরাস বাতিল করুন co কোচেল্লা নয়।,36,36,1.0,5,0,0,0,0,0
421,1237543674675728386,3255,4436,চীনের বাইরে নিশ্চিত কোভিড ১৯ টি মামলার আপডেট: করোনা করোন ভাইরাস করোনাভাইরাসুডডেট করোনা করোনোভাইরাস কোভিড,217,186,0.8571428571428571,21,0,0,0,0,1
422,1237010126881447936,3254,2959,যিশুন সত্যই একটি ভিন্ন শহরের URL,56,36,0.6428571428571429,5,0,0,0,0,0
424,1237608143519014913,3204,15282,তুমি কর. আমি শুনেছি এটি শূকরদের একটি বড় উপায়ে প্রভাবিত করে। URL টি,68,48,0.7058823529411765,8,0,0,0,0,0
425,1237024126889385986,3190,3769,করোনা ওফা দয়া করে আপনার বিশ্ব ভ্রমণ সফর বন্ধ করুন সারানহেতে বিশ্রাম নেওয়া দরকার,65,65,1.0,1,0,0,0,0,0
426,1236759873884479490,3182,5200,মাত্র দু'মাসে এটি যেভাবে ছড়িয়ে পড়ে তা অত্যন্ত ভয়ঙ্কর .. সাবধান লোকেরা এটি অত্যন্ত গুরুতর !! ইউআরএল ইউআরএল,193,170,0.8808290155440415,35,0,0,1,2,0
427,1237015945186398208,3173,6349,ব্রেকিং: প্রেস। কোভিড ১৯ এর কারণে ১৪ মার্চ অবধি মেট্রো ম্যানিলার সমস্ত স্তরে ওয়ালাংপাসকে ডিউটারে ঘোষণা করেছে। | সিএনএন ফিলিপাইন URL এর মাধ্যমে,152,130,0.8552631578947368,39,0,0,0,0,1
428,1237124933211348992,3165,7444,"ইতালি million 9 9,000 এরও বেশি কেস রিপোর্ট করেছেন (এটি দুই সপ্তাহ আগে 231 ছিল) ðŸ সমস্ত ক্রীড়া ইভেন্ট স্থগিত। all «ðŸŽ"" সমস্ত স্কুল, বিশ্ববিদ্যালয় বন্ধ। † ‹ï¸ ðŸŒ † থিয়েটার, জিম, বার, জানাজা এবং বিবাহ নিষিদ্ধ। অভূতপূর্ব। করোনাভাইরাস",298,296,0.9932885906040269,7,0,0,0,0,1
429,1237330231293288449,3159,2879,"ইমিগ্রেশন পর্যালোচনার জন্য নির্বাহী অফিস, যা বিচার বিভাগের অধীনে আসে, সমস্ত বিচারক এবং কর্মীদের সদস্যদের একটি ইমেল সোমবারে বলেছিল যে ভাইরাসটি ছড়িয়ে পড়া ও ছড়াতে কীভাবে ইংরেজী এবং স্প্যানিশ ভাষায় ব্যাখ্যা করা হয়েছে যে সমস্ত করোনাভাইরাস পোস্টার অপসারণ করতে হয়েছিল। URL টি",301,281,0.9335548172757475,11,0,0,0,0,1
430,1237460074123190273,3144,21929,"উম্মু মনে হয় সম্ভবত আপনার এই অংশটি আপনার এই টুইটারে অন্তর্ভুক্ত করা উচিত পরিবর্তে এম্ফিজিমা, ডায়াবেটিস + হাইপারটেনশন সহ বেশ কয়েকটি অন্তর্নিহিত চিকিত্সা শর্তাবলীর সাথে বায়বীয় কাউন্টি মানুষকে অবদানের পরিবর্তে, এনজি'র প্রথম করোনভাইরাস মৃত্যু, রাষ্ট্রীয় কর্মকর্তারা মঙ্গলবার বলেছিলেন .â € œ ইউআরএল",306,286,0.934640522875817,9,0,0,0,0,1
431,1236386465086615557,3130,6073,আমি আমার বাচ্চাদের বুঝিয়ে বলছি যে আমি কীভাবে করোনার ভাইরাস ইউআরএল থেকে বেঁচে এসেছি,76,56,0.7368421052631579,7,0,0,0,0,0
432,1237047503029178370,3099,8646,"করোনাভাইরাস নিয়ে দেশ আতঙ্কিত, তবুও এই ফ্লু মৌসুমে ফ্লুতে ৯.7 মিলিয়ন অসুস্থতা, ৮ 87,০০০ হাসপাতালে ভর্তি হওয়া এবং ৩৮ জন শিশু মৃত্যুর সহ ফ্লুতে ৪৮০০ জন মারা গেছে। আতঙ্ক বন্ধ করার এবং বিষয়গুলিকে দৃষ্টিভঙ্গিতে রাখার এখন সময়।",259,258,0.9961389961389961,2,0,0,0,0,1
434,1236509612142145536,3072,7238,"এই 3 টি মুখ আমাদের ইতিহাসে সবচেয়ে ঘৃণ্য হয়ে উঠবে। তারা আমাদের জাতি, গণতন্ত্র এবং সংবিধানের বিশ্বাসঘাতক। ðŸ˜¡ðŸ˜¡ðŸ˜¡ðŸ˜¡ðŸ˜¡ votbluetoendthisnightmare URL",193,172,0.8911917098445595,16,0,0,0,0,1
435,1237326787111239681,3067,2752,ট্রাম্প প্রশাসন অভিবাসন অফিসগুলিকে তাত্ক্ষণিক পোস্টারগুলি সরিয়ে ফেলার নির্দেশ দেয় যাতে কীভাবে করোনভাইরাস ইউআরএল প্রতিরোধ করা যায়,140,119,0.85,6,0,0,0,0,1
437,1237562584477265920,3029,16915,"আমি মূলত এই গল্পটি ভাগ করেছি কারণ আমি চাই লোকেরা এখনই মিসৌরিতে covid19 এর জন্য পরীক্ষা করা কতটা কঠিন তা জানতে is এত সংকীর্ণ লোকদের পরীক্ষা করা হচ্ছে, প্রকৃতপক্ষে প্রকোপটির মাত্রা কি জানতে পারবেন? বর্তমান সিস্টেমটি বেশ বোকামি বলে মনে হচ্ছে।",265,264,0.9962264150943396,10,1,1,0,0,1
438,1237077247636496385,3025,12215,"হ্যালো, 25 তম। definitely â œ â â â definitely definitely definitely s অবশ্যই এটির উপর গলে যাচ্ছে: ট্রাম্প, প্রধান জীবাণুবিদ, কোভিড -19 গল্পের URL নিয়ন্ত্রণ করতে সংগ্রাম করছেন",152,132,0.868421052631579,18,0,0,0,0,0
439,1237560750102556672,3021,8313,"নিয়মিত আমেরিকানদের অগ্রাধিকার দেওয়ার পরিবর্তে যাদের করোনভাইরাস পরীক্ষা করার প্রয়োজন হয়, বা তারা বেতনভুক্ত হয়ে থাকেন বলে অসুস্থ ছুটি পেয়েছেন, তারা রিয়েলডোনাল্ড ট্রাম্প তেল বিলিয়নেয়ারদের জামিন দিতে চায়। ধন্যবাদ দেব প্রতিনিধিদের বাড়ির, এবং @ পটাস নয়, পার্সের ক্ষমতা রয়েছে। URL টি",299,278,0.9297658862876255,17,0,0,0,0,1
440,1236973636751425536,3020,7180,বিশ্ব স্বাস্থ্য সংস্থা চাইছে আপনি ওহান ভাইরাস করোনাভাইরাস সম্পর্কে কিছু করণীয় ও করণীয় জানতে চান ভাগ্যক্রমে হপকিন্স ইউআরএল দেখার এবং শিখতে সহায়তা করার জন্য এখানে,168,146,0.8690476190476191,31,0,0,0,0,0
441,1236992946509094913,3000,3929,"aly it ইটালির চিকিত্সকরা করোনভাইরাসের জন্য ইউরোপকে â œgetgetâââ to to warn warn।। warn warn warn warn warn warn warnকে সতর্ক করে বলেছেন, ~ 10% কোভিড 19 রোগীর আইকু যত্ন প্রয়োজন, এবং হাসপাতালগুলি অভিভূত হয়। your your u আপনার মোট আইকিউ ক্ষমতা বাড়ান ... প্রয়োজনে প্রতিটি হাসপাতালে রোগীদের জন্য আইকিউ অঞ্চল প্রস্তুত করুন for € ""ইউআরএল",285,262,0.9192982456140351,24,0,0,0,0,1
442,1237271298557882368,2988,6473,"ব্রেকিং: ফিলিপাইনগুলিতে মোট কোভিড ১৯ টি মামলার সংখ্যা আজ বিকেলে ৩৫-এ পৌঁছেছে, দোহ অতিরিক্ত ১১ টি নিশ্চিত হওয়া মামলার রিপোর্ট করার পরে। URL টি",164,143,0.8719512195121951,22,0,0,0,0,1
443,1236874568268201987,2971,8799,মহামারীটি ট্র্যাক করার জন্য সিডিসি ওয়েবসাইটটি মূলত অকেজো। URL টি,98,78,0.7959183673469388,9,0,0,0,0,0
452,1237116341011853312,2717,5337,"ব্রেকিং: সমস্ত ইটালি লকডাউন, বিকেল প্রচার সবেমাত্র ঘোষণা করেছে। প্রত্যেককে অবশ্যই বাড়িতে থাকতে হবে। দেশব্যাপী লকডাউন। কোভিড 19",124,123,0.9919354838709677,20,0,0,0,0,1
453,1236987681088757760,2710,2097,ব্রেকিংনিউজ স্বাস্থ্য মন্ত্রণালয় আজ ঘোষণা করেছে যে ব্রুনাইই তার প্রথম ইতিবাচক কোভিড -১৯ মামলাটি নিবন্ধ করেছে। রোগী একজন 53 বছর বয়সী ব্যক্তি যিনি 32020 সালের মার্চ মাসে আরও তিন বন্ধুর সাথে কুয়ালালামপুর থেকে ব্রুনেই ফিরে এসেছিলেন। শীঘ্রই আরও বিস্তারিত বিবরণ।,260,258,0.9923076923076923,15,0,0,0,0,1
454,1237001239285637122,2701,3341,২ জন রোগী মারা গেছে? তবে আমি আইলেট লিখতে পারি উনু নকওয়া এছেচি। URL টি,89,69,0.7752808988764045,14,1,1,0,0,0
455,1236690061573394433,2690,21882,বাবু এই বলেছে যে তার কাছে সমস্ত অনন্ত পাথরের URL রয়েছে,74,54,0.7297297297297297,5,0,0,0,0,0
457,1237507876345786370,2643,5469,স্বাস্থ্য অধিদফতর আকাশের খবরকে নিশ্চিত করেছে যে স্বাস্থ্যমন্ত্রী নাদিন ডরিস কোভিড -১৯ এর জন্য ইতিবাচক পরীক্ষা করেছেন,115,115,1.0,6,0,0,0,0,1
458,1237097081371795456,2617,9567,এই নিখুঁত পরাজয়ের চেয়ে মহাজগতের আর কোনও বড় সরঞ্জাম নেই। তার একক মুক্তিদানকারী বৈশিষ্ট্য নেই। পার্টির সেই লোকটি যিনি নিজের সম্পর্কে অবিরাম বকবক করেন এবং আপনি কোনও কোণে পিন করেছেন যাতে আপনি আর যেতে পারবেন না। ðŸ ‘‡ ðŸ» ইউআরএল,267,247,0.9250936329588015,7,0,0,0,0,0
459,1229402828814327808,2617,2677,cor cor করোনার ভাইরাস কাটিয়ে ওঠা ðŸ ‘‰ এই মানবতাবাদী সংকটকে পরাস্ত করতে চীনকে সহায়তা ও সমর্থন করার জন্য ইউএই এবং এর লোকেরা এর আন্তরিক বার্তা u,303,273,0.900990099009901,31,0,0,0,0,0
460,1237640389361876992,2565,5899,বর্তমান পরামর্শ করোন ভাইরাস @ পিয়ার্সমোরগান ইউআরএল,64,43,0.671875,6,0,0,0,0,0
461,1237108672549052417,2491,5530,আমি এখন নিশ্চিত হয়েছি যে আমাদের স্থানীয়দের ðŸ˜ ‚করোন ভাইরাসউইটব্রেক ইউআরএল শান্ত করা দরকার,102,81,0.7941176470588235,8,0,0,0,0,0
464,1236605070902300673,2437,9958,"ইয়াল আমাদের চুদেছে !! সেই বিষ্ঠাটি এসএফের মধ্যে রাখুন কেন সেই বিষ্ঠাটিকে ওকল্যান্ডে আনুন। এই মুহুর্তে ইয়াল আমাদের মরতে চায়, পরিবেশবাদী বর্ণবাদ এতটাই বাস্তব। আমাদের সম্প্রদায়ের স্বাস্থ্য সম্পর্কে কেউ ভাবছে না, কেবল কম আয়ের পকেটকে ঠিক চালিয়ে যান। URL টি",272,252,0.9264705882352942,16,0,0,1,2,0
466,1236924515822628864,2395,10380,আইপিএল শোনার পরে বিভিন্ন দল থেকে প্রতিক্রিয়া করোনভাইরাস URL এর কারণে বাতিল হতে পারে,108,86,0.7962962962962963,12,0,0,0,0,0
467,1236855863475728384,2391,18333,কীভাবে ung € ungকুং ফ্লুâ €? URL টি,49,29,0.5918367346938775,7,1,1,0,0,0
469,1237344519777067008,2312,6353,"এটি কোভিড ১৯ এর জন্য প্রস্তুতি এবং জনগোষ্ঠীকে সুরক্ষিত রাখার এক আশ্চর্য উদাহরণ! দুর্দান্ত কাজ, রুয়ান্ডা! করোনভাইরাস ইউআরএল",146,123,0.8424657534246576,13,0,0,1,2,0
470,1236835458979483648,2294,11339,আমি এটাকে ওহান ভাইরাস বলি। আমি একজন চীনা নাগরিক. আমি অবশ্যই অভ্যন্তরীণ বর্ণবাদ একটি গুরুতর ক্ষেত্রে ভুগছে। URL টি,127,107,0.84251968503937,12,0,0,0,0,0
471,1237127396026748928,2291,7753,"সুতরাং করোনভাইরাস, বা কোভিড -১৯, কোবে মারা যাওয়ার ঠিক পরে শিরোনামগুলি গ্রহণ করে। আপনি যদি কোভিডকে হিব্রুতে অনুবাদ করেন এটি কোবে পরিণত হয়। কোবেকে করোনার দেল মার কবরস্থানেও সমাহিত করা হয়েছিল। হয় আমরা একটি সিমুলেশন হয় বা মহাবিশ্ব কাকতালীয় ভালবাসা। URL টি",275,255,0.9272727272727272,25,0,0,0,0,1
472,1237238588158312448,2258,7819,"covid2019 যে কেউ বহন করতে পারেন: একজন মার্কিন নাগরিক, একজন জাপানি পর্যটক, একটি অননুমোদিত যুবক বা কংগ্রেসের সদস্য। করোনাভাইরাস আপনার দল, লিঙ্গ বা ধর্মের বিষয়ে চিন্তা করে না। এটি চীনা নয়, এটি ভাইরাস। নীচে কিছু কল্পকাহিনী আছে যারা থেকে। URL টি",281,259,0.9217081850533808,22,0,0,0,0,1
473,1237251356303507456,2254,2026,এই ব্যবস্থা সহ নিজেকে রক্ষা করুন। ভাইরাস না বার্তা ছড়িয়ে দিন। পুনঃটুইট করুন URL টি,143,122,0.8531468531468531,16,0,0,0,0,0
475,1236699162965463040,2249,6503,"রেকর্ডকৃত কোভিড -১৯ টি মামলার সাথে (চিনের বাইরে) খুব তাত্ক্ষণিকভাবে কোনও ঘনিষ্ঠর সাথে মিলে যাওয়া, আমি তাত্পর্যপূর্ণ / লজিস্টিক বৃদ্ধির উপর ভিত্তি করে প্রাইমার তৈরির প্রতিরোধ করতে পারিনি। এই ধরণের বৃদ্ধি সম্পর্কে কমপক্ষে 3 টি বিপরীত বিষয়গুলি আলোচনায় ফেলার উপযুক্ত বলে মনে হয়। URL টি",270,250,0.9259259259259259,12,0,0,0,0,0
476,1236976049864368129,2197,2164,"জাকার্তার অবশেষে একটি করোনভাইরাস ডেটা ওয়েবসাইট রয়েছে: ইউআরএল, যার ভিত্তিতে রাজধানী মেট্রো অঞ্চলের 64৪ জন বর্তমানে পর্যবেক্ষণ করা হচ্ছে",156,136,0.8717948717948718,3,0,0,0,0,1
477,1234830633018544128,2179,5569,"আমরা ভিয়েতনামি নৃত্যশিল্পী, কোয়াং äƒ äƒng এর এই হ্যান্ড ওয়াশিং নাচটি পছন্দ করি। করোন ভাইরাস থেকে নিজেকে রক্ষা করার জন্য প্রথম ধাপে সাবান ও জল দিয়ে আপনার হাত ধোয়া। URL টি",196,175,0.8928571428571429,10,0,0,0,0,1
478,1235967295660277761,188,435,তারা অন্যান্য নকল জিনিসগুলির মতোই কোভিড -১৯ ওভার-হাইপ ডেমোক্র্যাটদের উপর ফায়ার ফায়ার করবে। বাণিজ্যকে দুর্বল করে দেওয়ার বিষয়ে চিনের ধরার সাথে অর্থনীতি গর্জনিত হবে এবং ভাইরাস পরিচালনার বিষয়ে ট্রাম্পের উচ্চ অনুমোদন কেবল সহায়তা করবে।,235,234,0.9957446808510638,10,0,0,0,0,1
479,1235876564761374720,151,377,"হাকিয়ন: ive মহামারীর কোভিড -১৯ কে0 রেয়াবুকে কাটিয়ে উঠার জন্য অর্থ দান করেছিলেন: এটি ""অস্র"" শব্দটি ব্যবহার করার সময় ""হাকিয়ন"", যিনি ""ভিক্সেক্স"" এর সদস্য, তিনি জীবনের লড়াইয়ে প্রতিক্রিয়া ব্যক্ত করছেন কিনা তা স্পষ্ট নয়। ""অর্থ"" কোনও রূপক হয় কিনা তা আমরা এখনই নিশ্চিত নই",265,265,1.0,0,0,0,0,0,1
480,1235724594071375873,142,53,"@ হিলারি ক্লিনটন এবং থিসিস কেন পেলোসি 3 সপ্তাহের জন্য জাল ইমপিচমেন্টের নিবন্ধগুলি ধরে রেখেছিলেন: সময়ে সময়ে, কর্নাভাইরাস সমালোচনা প্রচারণার মাধ্যমে স্মিয়ার ক্যাম্পেইন, @ পোটাস'কে পুনরায় নির্বাচনের ট্রাম্পের সম্ভাবনা নষ্ট করার আশায় 2020 স্লাইডবাবি ইউআরএল",255,229,0.8980392156862745,19,0,0,0,0,0
481,1235625977750974464,494,706,করোনাভাইরাস আসল। রাষ্ট্রপতি এক মাস আগে এটি নিয়ন্ত্রণে পদক্ষেপ নিয়েছিলেন। প্রতারণা হ'ল ক্লিকগুলির জন্য মিডিয়াগুলির ভয়-উদ্দীপনা এবং অর্থনৈতিক ক্রাশের জন্য ডেমসের ইচ্ছাকৃত চিন্তাভাবনা। তারপরেও কয়েক ডজন প্রাণহানির পরে স্বতঃস্ফূর্ত ক্লিনটন সাক্ষীর আত্মহত্যার কোনও প্রতিকার নেই।,276,275,0.9963768115942029,10,0,0,0,0,1
484,1235711139620753408,256,776,"ট্রাম্প: করোন-ফ্লু গুরুতর নয়, আপনার যদি এটি থাকে তবে কাজ করতে যান, সংখ্যাটি জাল। বিনিয়োগকারীরা: রাষ্ট্রপতি হিসাবে মজুত স্টক স্পষ্ট করে দেয় যে তিনি এ নিয়ে কাজ করবেন না। রিক সান্টেলি: মেহ, চলুন লক্ষ লক্ষ লোককে মেরে ফেলি যাতে শেয়ারের দাম বাড়তে থাকে। অনেক রিপাবলিকান অমানবিক দানব।",278,275,0.9892086330935251,12,0,0,0,0,1
